case_id,stl_path,stl_exists,target_wall_thickness_mm,wall_thickness_compliance_fraction,smoothing_volume_change_relative,status,stl_loadable,watertight,watertight_after_repair,non_manifold_edge_count,non_manifold_edge_count_after_repair,connected_component_count,mesh_volume_mm3,surface_area_mm2,bbox_x_mm,bbox_y_mm,bbox_z_mm,edge_length_min_mm,edge_length_median_mm,edge_length_mean_mm,estimated_minimum_feature_size_mm,repair_success,slicer_compatibility_proxy,slicer_proxy_notes
1000,outputs/phase_b_mesh_qc/case_outputs/1000/segmentation_repaired.stl,True,3.0,0.08801346194296704,-0.003074502281856823,ok,True,True,True,0,0,7,7061.877745376453,8224.396093198025,112.79999923706055,99.60000228881836,87.0000057220459,0.4242468053627785,0.5999984741210938,0.5892606762639843,0.4242468053627785,True,True,loadable STL and repaired mesh has no non-manifold edges
751,outputs/phase_b_mesh_qc/case_outputs/751/segmentation_repaired.stl,True,3.0,0.05835338859672579,-0.0032812164871658302,ok,True,True,True,0,0,9,7127.406889052359,8857.118933107466,123.0,112.79999923706055,97.80000448226929,0.4242468053627785,0.5999984741210938,0.5905223380046853,0.4242468053627785,True,True,loadable STL and repaired mesh has no non-manifold edges
752,outputs/phase_b_mesh_qc/case_outputs/752/segmentation_repaired.stl,True,3.0,0.05011926986102468,-0.0031448699922990223,ok,True,True,True,0,0,5,8168.365340835855,10278.858010226306,106.20000076293945,88.20000839233398,103.20000648498535,0.4242468053627785,0.5999984741210938,0.5910894245493626,0.4242468053627785,True,True,loadable STL and repaired mesh has no non-manifold edges
753,outputs/phase_b_mesh_qc/case_outputs/753/segmentation_repaired.stl,True,3.0,0.053799007685572525,-0.0030007682012085377,ok,True,True,True,0,0,5,4353.471440737384,5405.133074298907,107.40000534057617,94.80000305175781,78.60000419616699,0.424252200193688,0.5999984741210938,0.5904866939835768,0.424252200193688,True,True,loadable STL and repaired mesh has no non-manifold edges
754,outputs/phase_b_mesh_qc/case_outputs/754/segmentation_repaired.stl,True,3.0,0.09985840469287303,-0.0028597623502280697,ok,True,True,True,0,0,6,6298.497947193292,7171.468752293324,91.20000457763672,85.80000686645508,112.80000591278076,0.42425759495599724,0.5999984741210938,0.5893352448573509,0.42425759495599724,True,True,loadable STL and repaired mesh has no non-manifold edges
755,outputs/phase_b_mesh_qc/case_outputs/755/segmentation_repaired.stl,True,3.0,0.06097053726169844,-0.0032643518794636586,ok,True,True,True,0,0,8,6111.325001103338,7540.713048146113,100.20000076293945,84.60000610351562,90.60000228881836,0.424252200193688,0.5999984741210938,0.5903751936464935,0.424252200193688,True,True,loadable STL and repaired mesh has no non-manifold edges
756,outputs/phase_b_mesh_qc/case_outputs/756/segmentation_repaired.stl,True,3.0,0.05898600252797154,-0.0031735247312300436,ok,True,True,True,0,0,7,4522.545450897675,5597.840942618425,103.20000839233398,86.4000015258789,80.4000015258789,0.424252200193688,0.5999984741210938,0.5894393087751285,0.424252200193688,True,True,loadable STL and repaired mesh has no non-manifold edges
757,outputs/phase_b_mesh_qc/case_outputs/757/segmentation_repaired.stl,True,3.0,0.0908707746775689,-0.0025948056860853282,ok,True,True,True,0,0,6,7557.102885222809,8607.090901455736,133.20000457763672,115.20000076293945,97.80000114440918,0.4242468053627785,0.5999984741210938,0.5890116248520335,0.4242468053627785,True,True,loadable STL and repaired mesh has no non-manifold edges
758,outputs/phase_b_mesh_qc/case_outputs/758/segmentation_repaired.stl,True,3.0,0.04991641721416631,-0.0033728598208028174,ok,True,True,True,0,0,4,5444.199803721937,6880.599359176414,110.40000534057617,87.00000762939453,115.80000448226929,0.424252200193688,0.5999984741210938,0.5906022505373423,0.424252200193688,True,True,loadable STL and repaired mesh has no non-manifold edges
759,outputs/phase_b_mesh_qc/case_outputs/759/segmentation_repaired.stl,True,3.0,0.05013292821876187,-0.0038527667388133947,ok,True,True,True,0,0,8,3896.181707113566,4963.250994269935,93.00000190734863,76.80001068115234,82.80000495910645,0.42425759495599724,0.5999984741210938,0.5882642431874301,0.42425759495599724,True,True,loadable STL and repaired mesh has no non-manifold edges
760,outputs/phase_b_mesh_qc/case_outputs/760/segmentation_repaired.stl,True,3.0,0.0898233118750856,-0.0030682297560847413,ok,True,True,True,0,0,10,7740.694171051691,9073.078600588713,117.60000610351562,85.79999923706055,93.00000381469727,0.424252200193688,0.5999984741210938,0.590320413525136,0.424252200193688,True,True,loadable STL and repaired mesh has no non-manifold edges
761,outputs/phase_b_mesh_qc/case_outputs/761/segmentation_repaired.stl,True,3.0,0.07161283665256424,-0.002815081561979451,ok,True,True,True,0,0,6,8224.975299436423,9801.354930090129,105.00000190734863,102.00000381469727,84.00000190734863,0.4242468053627785,0.5999984741210938,0.5912738050811024,0.4242468053627785,True,True,loadable STL and repaired mesh has no non-manifold edges
762,outputs/phase_b_mesh_qc/case_outputs/762/segmentation_repaired.stl,True,3.0,0.073266474193385,-0.003072207262686448,ok,True,True,True,0,0,12,8374.528674595816,10011.637327168028,121.80000495910645,109.79999923706055,103.2000036239624,0.4242468053627785,0.5999984741210938,0.5902125058910324,0.4242468053627785,True,True,loadable STL and repaired mesh has no non-manifold edges
763,outputs/phase_b_mesh_qc/case_outputs/763/segmentation_repaired.stl,True,3.0,0.0983462015060528,-0.0026848813509889424,ok,True,True,True,0,0,11,8912.422656385805,10087.556947991854,112.80000495910645,110.4000015258789,93.00000381469727,0.4242468053627785,0.5999984741210938,0.5911725311403181,0.4242468053627785,True,True,loadable STL and repaired mesh has no non-manifold edges
764,outputs/phase_b_mesh_qc/case_outputs/764/segmentation_repaired.stl,True,3.0,0.12004734158776402,-0.002107760840245414,ok,True,True,True,0,0,5,11685.241516714466,12592.962510243597,114.60000228881836,105.00000762939453,86.40000295639038,0.4242468053627785,0.5999984741210938,0.5920171460039532,0.4242468053627785,True,True,loadable STL and repaired mesh has no non-manifold edges
765,outputs/phase_b_mesh_qc/case_outputs/765/segmentation_repaired.stl,True,3.0,0.04409693380042616,-0.003391888776559424,ok,True,True,True,0,0,3,5857.794754526389,7503.91942886421,104.4000015258789,98.4000015258789,89.4000015258789,0.4242468053627785,0.5999984741210938,0.5884057768255171,0.4242468053627785,True,True,loadable STL and repaired mesh has no non-manifold edges
766,outputs/phase_b_mesh_qc/case_outputs/766/segmentation_repaired.stl,True,3.0,0.1150159217277962,-0.0022776987411591734,ok,True,True,True,0,0,9,12892.366770943858,14055.363859723146,151.2000026702881,110.40000534057617,100.80000305175781,0.4242468053627785,0.5999984741210938,0.5915756336098561,0.4242468053627785,True,True,loadable STL and repaired mesh has no non-manifold edges
767,outputs/phase_b_mesh_qc/case_outputs/767/segmentation_repaired.stl,True,3.0,0.04677244077374484,not_watertight,ok,True,False,False,24,24,14,not_watertight,6308.763459961549,139.5000057220459,84.60000610351562,93.30000305175781,0.424252200193688,0.5999984741210938,0.591232456759569,0.424252200193688,True,False,geometry defects may break slicing
768,outputs/phase_b_mesh_qc/case_outputs/768/segmentation_repaired.stl,True,3.0,0.09281702630801064,not_watertight,ok,True,False,False,28,28,15,not_watertight,7483.863356101327,145.50000381469727,116.40000534057617,99.00000667572021,0.4242468053627785,0.5999984741210938,0.592906189821713,0.4242468053627785,True,False,geometry defects may break slicing
769,outputs/phase_b_mesh_qc/case_outputs/769/segmentation_repaired.stl,True,3.0,0.09516907005223302,not_watertight,ok,True,False,False,142,142,7,not_watertight,9641.612158801057,114.60000610351562,96.00000190734863,83.70000457763672,0.424252200193688,0.5999984741210938,0.5917199994878505,0.424252200193688,True,False,geometry defects may break slicing
770,outputs/phase_b_mesh_qc/case_outputs/770/segmentation_repaired.stl,True,3.0,0.09908007565046548,-0.0024613027905713855,ok,True,True,True,0,0,9,11567.404888279585,13127.584994826266,127.80000495910645,96.5999984741211,93.60000610351562,0.4242468053627785,0.5999984741210938,0.5906890628730711,0.4242468053627785,True,True,loadable STL and repaired mesh has no non-manifold edges
771,outputs/phase_b_mesh_qc/case_outputs/771/segmentation_repaired.stl,True,3.0,0.11131641121948264,-0.002640314167749645,ok,True,True,True,0,0,7,7014.6457980847335,7806.6199818670775,151.8000087738037,120.60000991821289,85.80000114440918,0.4242468053627785,0.5999984741210938,0.5900683911846031,0.4242468053627785,True,True,loadable STL and repaired mesh has no non-manifold edges
772,outputs/phase_b_mesh_qc/case_outputs/772/segmentation_repaired.stl,True,3.0,0.08622825125331761,not_watertight,ok,True,False,False,16,16,5,not_watertight,8496.891297084945,108.00000190734863,94.79999923706055,86.70000457763672,0.4242468053627785,0.5999984741210938,0.5916286088781393,0.4242468053627785,True,False,geometry defects may break slicing
773,outputs/phase_b_mesh_qc/case_outputs/773/segmentation_repaired.stl,True,3.0,0.05774924201890494,-0.0029336599574516778,ok,True,True,True,0,0,4,5942.898533328619,7258.539180999003,100.79999923706055,93.00000762939453,108.60000610351562,0.424252200193688,0.5999984741210938,0.5913754186302967,0.424252200193688,True,True,loadable STL and repaired mesh has no non-manifold edges
774,outputs/phase_b_mesh_qc/case_outputs/774/segmentation_repaired.stl,True,3.0,0.0732425596784811,-0.0032868921034581136,ok,True,True,True,0,0,13,6117.804738004385,7312.287962864255,112.20001029968262,84.00000762939453,100.20000267028809,0.424252200193688,0.5999984741210938,0.5894019399791899,0.424252200193688,True,True,loadable STL and repaired mesh has no non-manifold edges
775,outputs/phase_b_mesh_qc/case_outputs/775/segmentation_repaired.stl,True,3.0,0.07665881037031119,-0.0031625095714975355,ok,True,True,True,0,0,13,5305.7885191384985,6349.337162853657,111.00000381469727,102.60000610351562,87.00000762939453,0.4242468053627785,0.5999984741210938,0.5911856514232918,0.4242468053627785,True,True,loadable STL and repaired mesh has no non-manifold edges
776,outputs/phase_b_mesh_qc/case_outputs/776/segmentation_repaired.stl,True,3.0,0.05194141177178261,-0.0034424166980434115,ok,True,True,True,0,0,8,7036.362980051643,8924.204548352312,109.20000267028809,93.0,88.20000290870667,0.424252200193688,0.5999984741210938,0.589560660901817,0.424252200193688,True,True,loadable STL and repaired mesh has no non-manifold edges
777,outputs/phase_b_mesh_qc/case_outputs/777/segmentation_repaired.stl,True,3.0,0.044036558652466196,-0.0037986895635481258,ok,True,True,True,0,0,9,5592.924590789425,7289.757825220091,105.0,91.20000076293945,91.80000686645508,0.4242468053627785,0.5999984741210938,0.5888801130160575,0.4242468053627785,True,True,loadable STL and repaired mesh has no non-manifold edges
778,outputs/phase_b_mesh_qc/case_outputs/778/segmentation_repaired.stl,True,3.0,0.05158410770469013,-0.00342646169114901,ok,True,True,True,0,0,10,5784.021733720759,7306.161441456725,98.40000534057617,85.20000839233398,100.20000743865967,0.424252200193688,0.5999984741210938,0.5887881736524145,0.424252200193688,True,True,loadable STL and repaired mesh has no non-manifold edges
779,outputs/phase_b_mesh_qc/case_outputs/779/segmentation_repaired.stl,True,3.0,0.05175521414470861,-0.003185055657215304,ok,True,True,True,0,0,9,7402.014813749612,9228.532157362382,143.39999771118164,105.60000228881836,99.00000762939453,0.4242468053627785,0.5999984741210938,0.589409712207052,0.4242468053627785,True,True,loadable STL and repaired mesh has no non-manifold edges
780,outputs/phase_b_mesh_qc/case_outputs/780/segmentation_repaired.stl,True,3.0,0.0785537060679787,-0.003021458732431436,ok,True,True,True,0,0,11,8802.18090262378,10415.290766105189,109.79999923706055,109.80000686645508,86.40000534057617,0.4242468053627785,0.5999984741210938,0.5909040230768584,0.4242468053627785,True,True,loadable STL and repaired mesh has no non-manifold edges
781,outputs/phase_b_mesh_qc/case_outputs/781/segmentation_repaired.stl,True,3.0,0.04791421074647298,-0.0033955934144886176,ok,True,True,True,0,0,5,5563.998983768003,7082.721034525241,104.99999809265137,106.79999923706055,75.0000057220459,0.4242468053627785,0.5999984741210938,0.5902920439611068,0.4242468053627785,True,True,loadable STL and repaired mesh has no non-manifold edges
782,outputs/phase_b_mesh_qc/case_outputs/782/segmentation_repaired.stl,True,3.0,0.10861139994328387,-0.0029058038207161897,ok,True,True,True,0,0,13,8986.456366711767,10149.66951386704,117.00000190734863,83.4000015258789,92.4000072479248,0.4242468053627785,0.5999984741210938,0.5916761487092462,0.4242468053627785,True,True,loadable STL and repaired mesh has no non-manifold edges
783,outputs/phase_b_mesh_qc/case_outputs/783/segmentation_repaired.stl,True,3.0,0.07343313296833723,-0.003312690279590037,ok,True,True,True,0,0,6,5532.733045239889,6767.012986495324,102.0000057220459,87.60000038146973,82.20000457763672,0.42425759495599724,0.5999984741210938,0.5912679845290827,0.42425759495599724,True,True,loadable STL and repaired mesh has no non-manifold edges
784,outputs/phase_b_mesh_qc/case_outputs/784/segmentation_repaired.stl,True,3.0,0.05194957261621326,-0.0034094909339164032,ok,True,True,True,0,0,8,5419.494904100361,6854.414121994985,93.5999984741211,91.20000076293945,87.00000143051147,0.424252200193688,0.5999984741210938,0.588948985704037,0.424252200193688,True,True,loadable STL and repaired mesh has no non-manifold edges
785,outputs/phase_b_mesh_qc/case_outputs/785/segmentation_repaired.stl,True,3.0,0.08546588732256005,-0.002686879384443183,ok,True,True,True,0,0,3,4325.283766759686,4945.454899050584,97.80000114440918,88.80000305175781,72.0000057220459,0.424252200193688,0.5999984741210938,0.589481020171743,0.424252200193688,True,True,loadable STL and repaired mesh has no non-manifold edges
786,outputs/phase_b_mesh_qc/case_outputs/786/segmentation_repaired.stl,True,3.0,0.08475308026966889,not_watertight,ok,True,False,False,78,78,5,not_watertight,7341.039703985914,107.99999809265137,85.20001220703125,83.70000457763672,0.424252200193688,0.5999984741210938,0.5912943872473773,0.424252200193688,True,False,geometry defects may break slicing
787,outputs/phase_b_mesh_qc/case_outputs/787/segmentation_repaired.stl,True,3.0,0.12350939894841748,-0.0026973524755897395,ok,True,True,True,0,0,6,6184.719526959842,6811.899909755167,91.20000457763672,96.00000762939453,77.4000072479248,0.424252200193688,0.5999984741210938,0.5932081756259998,0.424252200193688,True,True,loadable STL and repaired mesh has no non-manifold edges
788,outputs/phase_b_mesh_qc/case_outputs/788/segmentation_repaired.stl,True,3.0,0.06979222163026105,-0.0031942836047807238,ok,True,True,True,0,0,13,8353.41357657363,10129.582809155921,108.60000228881836,85.79999923706055,112.80000114440918,0.424252200193688,0.5999984741210938,0.5899900031453307,0.424252200193688,True,True,loadable STL and repaired mesh has no non-manifold edges
789,outputs/phase_b_mesh_qc/case_outputs/789/segmentation_repaired.stl,True,3.0,0.08842858819387396,-0.0028366159916716985,ok,True,True,True,0,0,7,7235.811640336931,8370.444110911681,130.79999923706055,89.39999771118164,100.80000400543213,0.4242468053627785,0.5999984741210938,0.5908438156231869,0.4242468053627785,True,True,loadable STL and repaired mesh has no non-manifold edges
790,outputs/phase_b_mesh_qc/case_outputs/790/segmentation_repaired.stl,True,3.0,0.05424907343632129,-0.003445216794981977,ok,True,True,True,0,0,5,6455.268685392414,8104.890119262323,103.80000877380371,77.40000534057617,117.00000858306885,0.424252200193688,0.5999984741210938,0.5895675138732517,0.424252200193688,True,True,loadable STL and repaired mesh has no non-manifold edges
791,outputs/phase_b_mesh_qc/case_outputs/791/segmentation_repaired.stl,True,3.0,0.06708100656557396,-0.0030367576219827424,ok,True,True,True,0,0,8,9073.009299482304,11043.308173211308,115.80000877380371,90.60000610351562,88.80000305175781,0.424252200193688,0.5999984741210938,0.5916906259635171,0.424252200193688,True,True,loadable STL and repaired mesh has no non-manifold edges
792,outputs/phase_b_mesh_qc/case_outputs/792/segmentation_repaired.stl,True,3.0,0.10242193215509607,-0.0030570061123825327,ok,True,True,True,0,0,11,5509.296515746434,6349.251975168189,115.20000839233398,94.80001068115234,85.80000591278076,0.424252200193688,0.5999984741210938,0.5895098851548999,0.424252200193688,True,True,loadable STL and repaired mesh has no non-manifold edges
793,outputs/phase_b_mesh_qc/case_outputs/793/segmentation_repaired.stl,True,3.0,0.0704564785937057,-0.0036423045948605604,ok,True,True,True,0,0,9,4478.499922697335,5559.880165264588,98.4000072479248,79.80000686645508,82.80000591278076,0.424252200193688,0.5999984741210938,0.5911250926882924,0.424252200193688,True,True,loadable STL and repaired mesh has no non-manifold edges
794,outputs/phase_b_mesh_qc/case_outputs/794/segmentation_repaired.stl,True,3.0,0.12688398177357169,-0.0020432761936321105,ok,True,True,True,0,0,5,10933.938831691577,11526.170038875913,136.20000839233398,103.79999923706055,98.4000072479248,0.4242468053627785,0.5999984741210938,0.5921594714586277,0.4242468053627785,True,True,loadable STL and repaired mesh has no non-manifold edges
795,outputs/phase_b_mesh_qc/case_outputs/795/segmentation_repaired.stl,True,3.0,0.06779529393492273,-0.003479537653033374,ok,True,True,True,0,0,5,5456.637503519941,6717.419916341974,115.20000553131104,87.60000610351562,90.00000190734863,0.42425759495599724,0.5999984741210938,0.5907897950163821,0.42425759495599724,True,True,loadable STL and repaired mesh has no non-manifold edges
796,outputs/phase_b_mesh_qc/case_outputs/796/segmentation_repaired.stl,True,3.0,0.09460994698308509,-0.003188332629133015,ok,True,True,True,0,0,11,6720.5979020314435,7833.641862734673,127.80000305175781,111.60000610351562,94.8000020980835,0.4242468053627785,0.5999984741210938,0.5891282966371196,0.4242468053627785,True,True,loadable STL and repaired mesh has no non-manifold edges
797,outputs/phase_b_mesh_qc/case_outputs/797/segmentation_repaired.stl,True,3.0,0.0361167591411931,-0.004215437993693338,ok,True,True,True,0,0,10,6125.985556555017,8188.33082729532,99.0,83.4000015258789,87.0,0.42425759495599724,0.5999984741210938,0.5894327198359579,0.42425759495599724,True,True,loadable STL and repaired mesh has no non-manifold edges
798,outputs/phase_b_mesh_qc/case_outputs/798/segmentation_repaired.stl,True,3.0,0.0904078398107016,not_watertight,ok,True,False,False,26,26,39,not_watertight,11234.254034903579,169.20000457763672,148.8000030517578,116.70000267028809,0.4242468053627785,0.5999984741210938,0.5921304692008852,0.4242468053627785,True,False,geometry defects may break slicing
799,outputs/phase_b_mesh_qc/case_outputs/799/segmentation_repaired.stl,True,3.0,0.07438430133017253,-0.0029104006836447377,ok,True,True,True,0,0,8,8051.122096441247,9605.605300851992,125.99999809265137,111.0,97.20000457763672,0.4242468053627785,0.5999984741210938,0.5913495634737355,0.4242468053627785,True,True,loadable STL and repaired mesh has no non-manifold edges
800,outputs/phase_b_mesh_qc/case_outputs/800/segmentation_repaired.stl,True,3.0,0.09699814863792647,-0.0023010009724351447,ok,True,True,True,0,0,6,9645.327933789331,10822.98683704064,148.20000553131104,133.80000495910645,96.60000419616699,0.4242468053627785,0.5999984741210938,0.5922104253741827,0.4242468053627785,True,True,loadable STL and repaired mesh has no non-manifold edges
801,outputs/phase_b_mesh_qc/case_outputs/801/segmentation_repaired.stl,True,3.0,0.056657657198225304,-0.0031014387277322553,ok,True,True,True,0,0,10,8303.995295488678,10384.269188367747,121.80000495910645,96.0,78.60000038146973,0.4242468053627785,0.5999984741210938,0.5922436156363254,0.4242468053627785,True,True,loadable STL and repaired mesh has no non-manifold edges
802,outputs/phase_b_mesh_qc/case_outputs/802/segmentation_repaired.stl,True,3.0,0.07855747024338249,-0.0027023157787401963,ok,True,True,True,0,0,6,5972.454892183974,6932.078613231843,122.4000072479248,106.79999923706055,87.60000705718994,0.4242468053627785,0.5999984741210938,0.5897664350407739,0.4242468053627785,True,True,loadable STL and repaired mesh has no non-manifold edges
803,outputs/phase_b_mesh_qc/case_outputs/803/segmentation_repaired.stl,True,3.0,0.05539777065200794,-0.004365694254681556,ok,True,True,True,0,0,29,6913.971600970009,8837.503722613035,172.20000839233398,153.60000228881836,111.60000514984131,0.4242468053627785,0.5999984741210938,0.5906374668836789,0.4242468053627785,True,True,loadable STL and repaired mesh has no non-manifold edges
804,outputs/phase_b_mesh_qc/case_outputs/804/segmentation_repaired.stl,True,3.0,0.09902284863235133,-0.002597964729307269,ok,True,True,True,0,0,9,5849.370789327241,6556.402878308006,105.5999984741211,95.40000534057617,87.00000381469727,0.4242468053627785,0.5999984741210938,0.5898662085756964,0.4242468053627785,True,True,loadable STL and repaired mesh has no non-manifold edges
805,outputs/phase_b_mesh_qc/case_outputs/805/segmentation_repaired.stl,True,3.0,0.0384946765954828,-0.003952419817999801,ok,True,True,True,0,0,9,6867.487048475996,9144.578679478805,104.99999809265137,91.20000839233398,93.00000095367432,0.4242468053627785,0.5999984741210938,0.5903338131820247,0.4242468053627785,True,True,loadable STL and repaired mesh has no non-manifold edges
806,outputs/phase_b_mesh_qc/case_outputs/806/segmentation_repaired.stl,True,3.0,0.08107316501669498,-0.00315453014102836,ok,True,True,True,0,0,14,7236.702509857382,8669.96352385232,111.60000991821289,96.0000114440918,90.60000610351562,0.4242468053627785,0.5999984741210938,0.5900998562440586,0.4242468053627785,True,True,loadable STL and repaired mesh has no non-manifold edges
807,outputs/phase_b_mesh_qc/case_outputs/807/segmentation_repaired.stl,True,3.0,0.11242649135872217,-0.0024604376067560688,ok,True,True,True,0,0,6,8274.583027647857,9180.43290998066,129.60000228881836,116.40000534057617,93.60000610351562,0.4242468053627785,0.5999984741210938,0.5910854892207484,0.4242468053627785,True,True,loadable STL and repaired mesh has no non-manifold edges
808,outputs/phase_b_mesh_qc/case_outputs/808/segmentation_repaired.stl,True,3.0,0.10987419418964586,not_watertight,ok,True,False,False,30,30,30,not_watertight,8569.701947212818,207.3000030517578,138.60001182556152,115.19999885559082,0.4242468053627785,0.5999984741210938,0.5905349805733708,0.4242468053627785,True,False,geometry defects may break slicing
809,outputs/phase_b_mesh_qc/case_outputs/809/segmentation_repaired.stl,True,3.0,0.13284765373901863,-0.003533522223114236,ok,True,True,True,0,0,8,1981.764660227099,2190.2697754845553,78.00000762939453,63.00000762939453,61.80000114440918,0.424252200193688,0.5999984741210938,0.5899315069240287,0.424252200193688,True,True,loadable STL and repaired mesh has no non-manifold edges
810,outputs/phase_b_mesh_qc/case_outputs/810/segmentation_repaired.stl,True,3.0,0.0768866733972741,-0.003400380456577573,ok,True,True,True,0,0,14,6714.099753911282,8099.2328494945305,124.20000457763672,104.40000534057617,111.0000057220459,0.4242468053627785,0.5999984741210938,0.5904936269420994,0.4242468053627785,True,True,loadable STL and repaired mesh has no non-manifold edges
811,outputs/phase_b_mesh_qc/case_outputs/811/segmentation_repaired.stl,True,3.0,0.11504144782636208,-0.0026259328588860162,ok,True,True,True,0,0,5,6720.598296867545,7316.146524331427,106.20001029968262,91.19999694824219,78.60000038146973,0.424252200193688,0.5999984741210938,0.5895016623657119,0.424252200193688,True,True,loadable STL and repaired mesh has no non-manifold edges
812,outputs/phase_b_mesh_qc/case_outputs/812/segmentation_repaired.stl,True,3.0,0.1492961250596065,-0.002445494558731079,ok,True,True,True,0,0,13,10266.69700972393,10622.666366471814,172.20000457763672,130.20000839233398,80.39999961853027,0.4242468053627785,0.5999984741210938,0.5914609961911356,0.4242468053627785,True,True,loadable STL and repaired mesh has no non-manifold edges
813,outputs/phase_b_mesh_qc/case_outputs/813/segmentation_repaired.stl,True,3.0,0.06989158321608872,-0.003155939548979813,ok,True,True,True,0,0,8,5119.5339260471965,6194.170316444318,110.40001106262207,89.4000015258789,88.20000553131104,0.4242468053627785,0.5999984741210938,0.5899458383937409,0.4242468053627785,True,True,loadable STL and repaired mesh has no non-manifold edges
814,outputs/phase_b_mesh_qc/case_outputs/814/segmentation_repaired.stl,True,3.0,0.11128783059165683,-0.0024204580468354113,ok,True,True,True,0,0,6,9358.362749267802,10263.080451849495,160.20000839233398,117.60000228881836,88.20000457763672,0.4242468053627785,0.5999984741210938,0.591863950989601,0.4242468053627785,True,True,loadable STL and repaired mesh has no non-manifold edges
815,outputs/phase_b_mesh_qc/case_outputs/815/segmentation_repaired.stl,True,3.0,0.10609019687072081,-0.0027031371806636203,ok,True,True,True,0,0,14,9470.476875972878,10478.109296397617,111.0000114440918,83.40000915527344,105.60000228881836,0.4242468053627785,0.5999984741210938,0.5907022141843532,0.4242468053627785,True,True,loadable STL and repaired mesh has no non-manifold edges
816,outputs/phase_b_mesh_qc/case_outputs/816/segmentation_repaired.stl,True,3.0,0.05949466689980766,-0.003067404911816891,ok,True,True,True,0,0,6,4847.175638172463,5973.46105555933,118.20000267028809,88.20000839233398,97.80000448226929,0.424252200193688,0.5999984741210938,0.592000423364861,0.424252200193688,True,True,loadable STL and repaired mesh has no non-manifold edges
817,outputs/phase_b_mesh_qc/case_outputs/817/segmentation_repaired.stl,True,3.0,0.06261493741472385,-0.0030906559500114717,ok,True,True,True,0,0,14,7146.378915218263,8695.44269716372,133.20000076293945,80.39999771118164,81.5999984741211,0.4242468053627785,0.5999984741210938,0.5918752270203091,0.4242468053627785,True,True,loadable STL and repaired mesh has no non-manifold edges
818,outputs/phase_b_mesh_qc/case_outputs/818/segmentation_repaired.stl,True,3.0,0.12507807620237352,-0.002356662080223502,ok,True,True,True,0,0,10,6808.8158936988075,7274.12306103761,143.40000915527344,128.39999771118164,89.40000534057617,0.4242468053627785,0.5999984741210938,0.588297276592926,0.4242468053627785,True,True,loadable STL and repaired mesh has no non-manifold edges
819,outputs/phase_b_mesh_qc/case_outputs/819/segmentation_repaired.stl,True,3.0,0.15323514059414928,-0.002081220553723554,ok,True,True,True,0,0,8,9388.459348521123,9477.482394976425,128.4000015258789,112.80000305175781,84.00000190734863,0.4242468053627785,0.5999984741210938,0.5907841406114196,0.4242468053627785,True,True,loadable STL and repaired mesh has no non-manifold edges
820,outputs/phase_b_mesh_qc/case_outputs/820/segmentation_repaired.stl,True,3.0,0.09827728688576695,-0.003133552186244185,ok,True,True,True,0,0,13,6676.740880165111,7645.995563986915,127.80000686645508,92.40000915527344,84.0000057220459,0.4242468053627785,0.5999984741210938,0.5918427403747315,0.4242468053627785,True,True,loadable STL and repaired mesh has no non-manifold edges
821,outputs/phase_b_mesh_qc/case_outputs/821/segmentation_repaired.stl,True,3.0,0.12501966955153423,not_watertight,ok,True,False,False,6,6,6,not_watertight,6026.9021037896355,96.60000228881836,126.0000114440918,130.50000286102295,0.424252200193688,0.5999984741210938,0.592144912882394,0.424252200193688,True,False,geometry defects may break slicing
822,outputs/phase_b_mesh_qc/case_outputs/822/segmentation_repaired.stl,True,3.0,0.11531535488404779,-0.0026616961688138686,ok,True,True,True,0,0,16,-9678.637385619424,10616.5628445809,171.9000015258789,131.99999618530273,109.20000457763672,0.4242468053627785,0.5999984741210938,0.5901299501204383,0.4242468053627785,True,True,loadable STL and repaired mesh has no non-manifold edges
823,outputs/phase_b_mesh_qc/case_outputs/823/segmentation_repaired.stl,True,3.0,0.07789913266945069,-0.0028448562408998905,ok,True,True,True,0,0,9,6601.645353510362,7800.303879566952,104.39999771118164,95.4000015258789,79.80000686645508,0.424252200193688,0.5999984741210938,0.5909437096993856,0.424252200193688,True,True,loadable STL and repaired mesh has no non-manifold edges
824,outputs/phase_b_mesh_qc/case_outputs/824/segmentation_repaired.stl,True,3.0,0.06796311953939686,-0.0031624869423740186,ok,True,True,True,0,0,6,5263.767755089288,6374.908274723939,109.80001068115234,92.39999771118164,97.80000686645508,0.4242468053627785,0.5999984741210938,0.5893270509536523,0.4242468053627785,True,True,loadable STL and repaired mesh has no non-manifold edges
825,outputs/phase_b_mesh_qc/case_outputs/825/segmentation_repaired.stl,True,3.0,0.09526873708808886,-0.00278461332658036,ok,True,True,True,0,0,7,6272.011650639644,7108.155493283408,106.80000877380371,118.20000839233398,78.60000228881836,0.4242468053627785,0.5999984741210938,0.5912347968344264,0.4242468053627785,True,True,loadable STL and repaired mesh has no non-manifold edges
826,outputs/phase_b_mesh_qc/case_outputs/826/segmentation_repaired.stl,True,3.0,0.11338453420882921,-0.0028043327904626442,ok,True,True,True,0,0,8,10863.721134481137,12318.166155541177,149.99999809265137,111.0000114440918,83.40000534057617,0.4242468053627785,0.5999984741210938,0.5926605698741468,0.4242468053627785,True,True,loadable STL and repaired mesh has no non-manifold edges
827,outputs/phase_b_mesh_qc/case_outputs/827/segmentation_repaired.stl,True,3.0,0.06856751042797554,-0.003283202350141372,ok,True,True,True,0,0,10,7415.784743767891,8985.145404089559,143.4000015258789,119.4000015258789,105.00000095367432,0.4242468053627785,0.5999984741210938,0.5897959846808288,0.4242468053627785,True,True,loadable STL and repaired mesh has no non-manifold edges
828,outputs/phase_b_mesh_qc/case_outputs/828/segmentation_repaired.stl,True,3.0,0.11112106819607492,-0.00280364557473241,ok,True,True,True,0,0,11,9480.447585953856,10679.111902310455,123.5999984741211,102.0,87.60000276565552,0.4242468053627785,0.5999984741210938,0.5918466031357194,0.4242468053627785,True,True,loadable STL and repaired mesh has no non-manifold edges
829,outputs/phase_b_mesh_qc/case_outputs/829/segmentation_repaired.stl,True,3.0,0.07981934985267836,-0.0029823926339526334,ok,True,True,True,0,0,12,8784.59493457143,10332.1412208644,153.60000228881836,151.80000686645508,83.40000534057617,0.4242468053627785,0.5999984741210938,0.5903408234335964,0.4242468053627785,True,True,loadable STL and repaired mesh has no non-manifold edges
830,outputs/phase_b_mesh_qc/case_outputs/830/segmentation_repaired.stl,True,3.0,0.056975766914133634,-0.003136046997846575,ok,True,True,True,0,0,7,6052.006015605595,7399.401021801978,111.60000610351562,111.60000991821289,85.80000495910645,0.4242468053627785,0.5999984741210938,0.5895810794258679,0.4242468053627785,True,True,loadable STL and repaired mesh has no non-manifold edges
831,outputs/phase_b_mesh_qc/case_outputs/831/segmentation_repaired.stl,True,3.0,0.1350735397772661,-0.0022041260973045588,ok,True,True,True,0,0,7,9060.624797014136,9528.859880484573,115.80000305175781,97.80000305175781,103.80000686645508,0.4242468053627785,0.5999984741210938,0.5912278534033502,0.4242468053627785,True,True,loadable STL and repaired mesh has no non-manifold edges
832,outputs/phase_b_mesh_qc/case_outputs/832/segmentation_repaired.stl,True,3.0,0.09684986595174262,-0.0022266265782513715,ok,True,True,True,0,0,3,8880.72404267713,9942.523205804775,122.39999961853027,93.60000610351562,88.80000305175781,0.4242468053627785,0.5999984741210938,0.5912501806671907,0.4242468053627785,True,True,loadable STL and repaired mesh has no non-manifold edges
833,outputs/phase_b_mesh_qc/case_outputs/833/segmentation_repaired.stl,True,3.0,0.09232738857295977,-0.002362658330760657,ok,True,True,True,0,0,6,7135.777383863421,8069.440410937215,116.40000534057617,90.0,82.19999998807907,0.424252200193688,0.5999984741210938,0.5905434153535638,0.424252200193688,True,True,loadable STL and repaired mesh has no non-manifold edges
834,outputs/phase_b_mesh_qc/case_outputs/834/segmentation_repaired.stl,True,3.0,0.09694538252545515,-0.002959227163238395,ok,True,True,True,0,0,6,8352.325160090752,9763.582672416398,103.20000076293945,109.20000839233398,93.60000514984131,0.4242468053627785,0.5999984741210938,0.5902290900567071,0.4242468053627785,True,True,loadable STL and repaired mesh has no non-manifold edges
835,outputs/phase_b_mesh_qc/case_outputs/835/segmentation_repaired.stl,True,3.0,0.10780283928016303,-0.0028619471507883775,ok,True,True,True,0,0,9,6149.358750880732,6915.443063065085,111.00000190734863,90.5999984741211,84.0000057220459,0.4242468053627785,0.5999984741210938,0.5911939009317847,0.4242468053627785,True,True,loadable STL and repaired mesh has no non-manifold edges
836,outputs/phase_b_mesh_qc/case_outputs/836/segmentation_repaired.stl,True,3.0,0.08533301655183337,-0.003330931942864603,ok,True,True,True,0,0,8,5355.513421191029,6291.531764026715,109.20000457763672,87.0,99.00000286102295,0.424252200193688,0.5999984741210938,0.5882072304317406,0.424252200193688,True,True,loadable STL and repaired mesh has no non-manifold edges
837,outputs/phase_b_mesh_qc/case_outputs/837/segmentation_repaired.stl,True,3.0,0.11861142784745977,-0.0023775032467336582,ok,True,True,True,0,0,5,8390.413393113291,9143.216245226406,100.80001068115234,94.80000686645508,86.4000015258789,0.424252200193688,0.5999984741210938,0.5894057599945427,0.424252200193688,True,True,loadable STL and repaired mesh has no non-manifold edges
838,outputs/phase_b_mesh_qc/case_outputs/838/segmentation_repaired.stl,True,3.0,0.07041468611703,-0.0034196623869194058,ok,True,True,True,0,0,9,6457.114017385743,7984.530486255665,97.80000686645508,76.20000457763672,97.20000267028809,0.42425759495599724,0.5999984741210938,0.5903687611350842,0.42425759495599724,True,True,loadable STL and repaired mesh has no non-manifold edges
839,outputs/phase_b_mesh_qc/case_outputs/839/segmentation_repaired.stl,True,3.0,0.06273896419881822,-0.0030571647650792545,ok,True,True,True,0,0,4,6100.920674886925,7404.366135022343,105.60000610351562,100.79999923706055,99.00000381469727,0.4242468053627785,0.5999984741210938,0.5894220216450589,0.4242468053627785,True,True,loadable STL and repaired mesh has no non-manifold edges
840,outputs/phase_b_mesh_qc/case_outputs/840/segmentation_repaired.stl,True,3.0,0.07345536401871927,-0.0031548551845650926,ok,True,True,True,0,0,12,7155.540969914997,8642.155628699798,119.40000534057617,99.60000228881836,87.00000381469727,0.4242468053627785,0.5999984741210938,0.5921066639851508,0.4242468053627785,True,True,loadable STL and repaired mesh has no non-manifold edges
841,outputs/phase_b_mesh_qc/case_outputs/841/segmentation_repaired.stl,True,3.0,0.06842742103725956,-0.002639844731786487,ok,True,True,True,0,0,6,5085.24362871537,6073.265469707142,93.00000762939453,87.0000114440918,82.80000686645508,0.424252200193688,0.5999984741210938,0.5880937272657418,0.424252200193688,True,True,loadable STL and repaired mesh has no non-manifold edges
842,outputs/phase_b_mesh_qc/case_outputs/842/segmentation_repaired.stl,True,3.0,0.05396694998262189,-0.0033729149761514885,ok,True,True,True,0,0,11,6698.205466460934,8433.226631857066,108.0,99.00000762939453,96.00000762939453,0.4242468053627785,0.5999984741210938,0.5899470600451617,0.4242468053627785,True,True,loadable STL and repaired mesh has no non-manifold edges
843,outputs/phase_b_mesh_qc/case_outputs/843/segmentation_repaired.stl,True,3.0,0.11684136967155835,-0.0030673524681090734,ok,True,True,True,0,0,13,6082.5971155530615,6677.636897213216,101.39999771118164,97.80001068115234,76.80000114440918,0.4242468053627785,0.5999984741210938,0.5908671223049105,0.4242468053627785,True,True,loadable STL and repaired mesh has no non-manifold edges
844,outputs/phase_b_mesh_qc/case_outputs/844/segmentation_repaired.stl,True,3.0,0.13995819543633514,-0.002560609884443574,ok,True,True,True,0,0,12,7326.77518027522,7745.111995288363,156.60000610351562,141.0000114440918,88.80000114440918,0.4242468053627785,0.5999984741210938,0.590501552987891,0.4242468053627785,True,True,loadable STL and repaired mesh has no non-manifold edges
845,outputs/phase_b_mesh_qc/case_outputs/845/segmentation_repaired.stl,True,3.0,0.061769132800741,not_watertight,ok,True,False,False,10,10,8,not_watertight,9063.943627230128,138.60000228881836,112.20000076293945,128.10000228881836,0.4242468053627785,0.5999984741210938,0.5891630790250776,0.4242468053627785,True,False,geometry defects may break slicing
846,outputs/phase_b_mesh_qc/case_outputs/846/segmentation_repaired.stl,True,3.0,0.0647060837413126,-0.002876842427009726,ok,True,True,True,0,0,5,6190.902783456586,7548.854455430646,114.00000190734863,85.79999923706055,91.20000267028809,0.424252200193688,0.5999984741210938,0.5909564859191713,0.424252200193688,True,True,loadable STL and repaired mesh has no non-manifold edges
847,outputs/phase_b_mesh_qc/case_outputs/847/segmentation_repaired.stl,True,3.0,0.1000813669650122,-0.002931752417745131,ok,True,True,True,0,0,10,6518.836088075106,7486.807804375713,142.20001220703125,121.80000305175781,102.00000667572021,0.4242468053627785,0.5999984741210938,0.5908201131776574,0.4242468053627785,True,True,loadable STL and repaired mesh has no non-manifold edges
848,outputs/phase_b_mesh_qc/case_outputs/848/segmentation_repaired.stl,True,3.0,0.062078496406854616,-0.002921687762527307,ok,True,True,True,0,0,4,3832.875391645243,4646.495898482675,115.80001068115234,140.40001106262207,72.60000228881836,0.4242468053627785,0.5999984741210938,0.5890029671630889,0.4242468053627785,True,True,loadable STL and repaired mesh has no non-manifold edges
849,outputs/phase_b_mesh_qc/case_outputs/849/segmentation_repaired.stl,True,3.0,0.07274747618034376,-0.003237225095342897,ok,True,True,True,0,0,12,8966.44914805583,10800.84756792726,114.0,98.40000915527344,92.40000438690186,0.424252200193688,0.5999984741210938,0.5919449510462643,0.424252200193688,True,True,loadable STL and repaired mesh has no non-manifold edges
850,outputs/phase_b_mesh_qc/case_outputs/850/segmentation_repaired.stl,True,3.0,0.07720237825080561,-0.004215132794477388,ok,True,True,True,0,0,18,4658.40066854998,5796.8333690018935,138.5999984741211,94.20000457763672,94.20000743865967,0.4242468053627785,0.5999984741210938,0.5902994575876243,0.4242468053627785,True,True,loadable STL and repaired mesh has no non-manifold edges
851,outputs/phase_b_mesh_qc/case_outputs/851/segmentation_repaired.stl,True,3.0,0.10328537022170073,-0.002404007889417417,ok,True,True,True,0,0,4,6887.295316228988,7634.399818920914,111.0000057220459,102.60000610351562,82.20000648498535,0.424252200193688,0.5999984741210938,0.5895609403514466,0.424252200193688,True,True,loadable STL and repaired mesh has no non-manifold edges
852,outputs/phase_b_mesh_qc/case_outputs/852/segmentation_repaired.stl,True,3.0,0.13561083327921022,-0.0028655121007756593,ok,True,True,True,0,0,33,9817.174249931426,10552.440497282985,151.19999885559082,132.0000114440918,84.60000228881836,0.4242468053627785,0.5999984741210938,0.5913322845099582,0.4242468053627785,True,True,loadable STL and repaired mesh has no non-manifold edges
853,outputs/phase_b_mesh_qc/case_outputs/853/segmentation_repaired.stl,True,3.0,0.11621729796601535,-0.0023654901049774864,ok,True,True,True,0,0,6,5844.745045951294,6336.820869240821,116.4000015258789,94.80000686645508,82.20000267028809,0.4242468053627785,0.5999984741210938,0.5922696787701195,0.4242468053627785,True,True,loadable STL and repaired mesh has no non-manifold edges
854,outputs/phase_b_mesh_qc/case_outputs/854/segmentation_repaired.stl,True,3.0,0.057608248963275675,-0.0032931359609692057,ok,True,True,True,0,0,4,5666.149010633901,7098.642761380603,107.99999809265137,90.60000610351562,88.20000553131104,0.424252200193688,0.5999984741210938,0.5900134946183653,0.424252200193688,True,True,loadable STL and repaired mesh has no non-manifold edges
855,outputs/phase_b_mesh_qc/case_outputs/855/segmentation_repaired.stl,True,3.0,0.10090743241642382,not_watertight,ok,True,False,False,52,52,26,not_watertight,10471.024907838793,156.3000030517578,115.19999694824219,135.3000030517578,0.4242468053627785,0.5999984741210938,0.5904426676079061,0.4242468053627785,True,False,geometry defects may break slicing
856,outputs/phase_b_mesh_qc/case_outputs/856/segmentation_repaired.stl,True,3.0,0.11150655536074111,not_watertight,ok,True,False,False,10,10,23,not_watertight,9060.575829087578,181.50000381469727,137.40000534057617,85.20000743865967,0.4242468053627785,0.5999984741210938,0.5902753847728008,0.4242468053627785,True,False,geometry defects may break slicing
857,outputs/phase_b_mesh_qc/case_outputs/857/segmentation_repaired.stl,True,3.0,0.06452250187680272,-0.0028461196732307535,ok,True,True,True,0,0,10,10734.543777561332,12901.684102467309,126.0,112.20000839233398,89.40000534057617,0.4242468053627785,0.5999984741210938,0.5904952673528678,0.4242468053627785,True,True,loadable STL and repaired mesh has no non-manifold edges
858,outputs/phase_b_mesh_qc/case_outputs/858/segmentation_repaired.stl,True,3.0,0.07326866361084461,-0.0030184524848073787,ok,True,True,True,0,0,9,5961.124038871097,7178.094292200036,114.60000228881836,93.60000991821289,85.20000648498535,0.4242468053627785,0.5999984741210938,0.589572409295855,0.4242468053627785,True,True,loadable STL and repaired mesh has no non-manifold edges
859,outputs/phase_b_mesh_qc/case_outputs/859/segmentation_repaired.stl,True,3.0,0.08627695433347185,-0.003023059721121428,ok,True,True,True,0,0,7,9188.398155975987,10770.91562479917,134.39999961853027,105.00000762939453,110.40000247955322,0.4242468053627785,0.5999984741210938,0.5909863006427342,0.4242468053627785,True,True,loadable STL and repaired mesh has no non-manifold edges
860,outputs/phase_b_mesh_qc/case_outputs/860/segmentation_repaired.stl,True,3.0,0.11514648813579406,-0.0029400556191199394,ok,True,True,True,0,0,11,7165.296945465525,8091.666466627133,148.20000839233398,112.20000076293945,86.4000072479248,0.4242468053627785,0.5999984741210938,0.5904685011119609,0.4242468053627785,True,True,loadable STL and repaired mesh has no non-manifold edges
861,outputs/phase_b_mesh_qc/case_outputs/861/segmentation_repaired.stl,True,3.0,0.07184822521419829,not_watertight,ok,True,False,False,20,20,14,not_watertight,4224.5616861492545,167.10000610351562,91.20000457763672,84.60000610351562,0.424252200193688,0.5999984741210938,0.5909477683161238,0.424252200193688,True,False,geometry defects may break slicing
862,outputs/phase_b_mesh_qc/case_outputs/862/segmentation_repaired.stl,True,3.0,0.09279261586802828,-0.002602203223308033,ok,True,True,True,0,0,5,8646.985060312212,9862.857992678737,162.00000381469727,118.20001029968262,107.40000343322754,0.4242468053627785,0.5999984741210938,0.591944070827369,0.4242468053627785,True,True,loadable STL and repaired mesh has no non-manifold edges
863,outputs/phase_b_mesh_qc/case_outputs/863/segmentation_repaired.stl,True,3.0,0.06294001232845603,-0.003073309936772451,ok,True,True,True,0,0,10,6530.527105524449,7969.183118763215,134.4000015258789,102.60000991821289,117.60000133514404,0.4242468053627785,0.5999984741210938,0.5911479679103657,0.4242468053627785,True,True,loadable STL and repaired mesh has no non-manifold edges
864,outputs/phase_b_mesh_qc/case_outputs/864/segmentation_repaired.stl,True,3.0,0.10897495147425824,-0.0023965333650037804,ok,True,True,True,0,0,8,9199.03615487007,10107.987760680584,125.40000534057617,89.4000015258789,102.00000596046448,0.424252200193688,0.5999984741210938,0.5896113078841453,0.424252200193688,True,True,loadable STL and repaired mesh has no non-manifold edges
865,outputs/phase_b_mesh_qc/case_outputs/865/segmentation_repaired.stl,True,3.0,0.08287542340986075,-0.003018644386772201,ok,True,True,True,0,0,8,5639.175127658124,6559.9021758159015,138.60000801086426,96.5999984741211,93.0,0.424252200193688,0.5999984741210938,0.5892869421929111,0.424252200193688,True,True,loadable STL and repaired mesh has no non-manifold edges
866,outputs/phase_b_mesh_qc/case_outputs/866/segmentation_repaired.stl,True,3.0,0.10479958199596924,-0.002493333804767648,ok,True,True,True,0,0,8,8541.712088171293,9484.984153584046,135.60001182556152,116.4000015258789,85.20000267028809,0.4242468053627785,0.5999984741210938,0.589834352912941,0.4242468053627785,True,True,loadable STL and repaired mesh has no non-manifold edges
867,outputs/phase_b_mesh_qc/case_outputs/867/segmentation_repaired.stl,True,3.0,0.15520868924095022,not_watertight,ok,True,False,False,58,58,21,not_watertight,12225.744555986905,116.40000534057617,99.00000381469727,119.70000267028809,0.4242468053627785,0.5999984741210938,0.5924382939001163,0.4242468053627785,True,False,geometry defects may break slicing
868,outputs/phase_b_mesh_qc/case_outputs/868/segmentation_repaired.stl,True,3.0,0.05821294160495326,not_watertight,ok,True,False,False,36,36,14,not_watertight,4459.958665767338,173.70001220703125,91.80000686645508,70.20000457763672,0.424252200193688,0.5999984741210938,0.5892284408432141,0.424252200193688,True,False,geometry defects may break slicing
869,outputs/phase_b_mesh_qc/case_outputs/869/segmentation_repaired.stl,True,3.0,0.09729214859164512,-0.002979937496667716,ok,True,True,True,0,0,13,7798.167794430337,8934.37169963233,140.40000534057617,104.40000534057617,87.60000133514404,0.4242468053627785,0.5999984741210938,0.5920942277412305,0.4242468053627785,True,True,loadable STL and repaired mesh has no non-manifold edges
870,outputs/phase_b_mesh_qc/case_outputs/870/segmentation_repaired.stl,True,3.0,0.08758310871518418,not_watertight,ok,True,False,False,10,10,9,not_watertight,6946.317348596958,140.10000610351562,83.40000534057617,85.20000457763672,0.4242468053627785,0.5999984741210938,0.5883673430982045,0.4242468053627785,True,False,geometry defects may break slicing
871,outputs/phase_b_mesh_qc/case_outputs/871/segmentation_repaired.stl,True,3.0,0.10129310344827586,-0.0029616243870222926,ok,True,True,True,0,0,9,6896.9982292616505,7849.981376457242,100.79999923706055,83.40000534057617,100.80000591278076,0.424252200193688,0.5999984741210938,0.5890714734789133,0.424252200193688,True,True,loadable STL and repaired mesh has no non-manifold edges
872,outputs/phase_b_mesh_qc/case_outputs/872/segmentation_repaired.stl,True,3.0,0.07018986395574825,-0.003901982706073378,ok,True,True,True,0,0,15,5659.209952394682,7085.842930452831,120.00000762939453,106.79999923706055,94.20000553131104,0.4242468053627785,0.5999984741210938,0.5912136949809326,0.4242468053627785,True,True,loadable STL and repaired mesh has no non-manifold edges
873,outputs/phase_b_mesh_qc/case_outputs/873/segmentation_repaired.stl,True,3.0,0.20310209796329112,not_watertight,ok,True,False,False,16,16,14,not_watertight,8912.801900811963,164.70000076293945,139.20000457763672,93.30000305175781,0.4242468053627785,0.5999984741210938,0.5913704857082686,0.4242468053627785,True,False,geometry defects may break slicing
874,outputs/phase_b_mesh_qc/case_outputs/874/segmentation_repaired.stl,True,3.0,0.0750151240169389,-0.0030410952719913697,ok,True,True,True,0,0,7,5959.4502368950025,7109.5078059361085,107.40001106262207,104.40000915527344,80.40000534057617,0.4242468053627785,0.5999984741210938,0.5885530162028395,0.4242468053627785,True,True,loadable STL and repaired mesh has no non-manifold edges
875,outputs/phase_b_mesh_qc/case_outputs/875/segmentation_repaired.stl,True,3.0,0.09047726193154829,-0.0028676950013962394,ok,True,True,True,0,0,7,8488.008798202516,9873.034871626778,106.80000114440918,97.80000305175781,85.80000495910645,0.424252200193688,0.5999984741210938,0.5904001591952911,0.424252200193688,True,True,loadable STL and repaired mesh has no non-manifold edges
876,outputs/phase_b_mesh_qc/case_outputs/876/segmentation_repaired.stl,True,3.0,0.06194886174962181,-0.003241202385069374,ok,True,True,True,0,0,10,5737.230471612718,7094.748975192795,125.40000915527344,102.60000610351562,92.40000534057617,0.4242468053627785,0.5999984741210938,0.5904667563046236,0.4242468053627785,True,True,loadable STL and repaired mesh has no non-manifold edges
877,outputs/phase_b_mesh_qc/case_outputs/877/segmentation_repaired.stl,True,3.0,0.059789500380421,-0.0031292962883643066,ok,True,True,True,0,0,9,6681.690828409167,8222.836236811596,129.5999984741211,95.99999618530273,94.80000686645508,0.4242468053627785,0.5999984741210938,0.590479591774353,0.4242468053627785,True,True,loadable STL and repaired mesh has no non-manifold edges
878,outputs/phase_b_mesh_qc/case_outputs/878/segmentation_repaired.stl,True,3.0,0.08841765055075523,-0.002885520338238314,ok,True,True,True,0,0,9,6434.919841987644,7423.160624818542,114.5999984741211,84.5999984741211,86.4000015258789,0.424252200193688,0.5999984741210938,0.5889644497541532,0.424252200193688,True,True,loadable STL and repaired mesh has no non-manifold edges
879,outputs/phase_b_mesh_qc/case_outputs/879/segmentation_repaired.stl,True,3.0,0.12023998685003562,-0.0020840548027187783,ok,True,True,True,0,0,3,7765.128786042688,8371.631184549307,125.40000534057617,108.5999984741211,100.80000686645508,0.4242468053627785,0.5999984741210938,0.5898850807537686,0.4242468053627785,True,True,loadable STL and repaired mesh has no non-manifold edges
880,outputs/phase_b_mesh_qc/case_outputs/880/segmentation_repaired.stl,True,3.0,0.06922910818397754,-0.0029199827957465696,ok,True,True,True,0,0,9,4908.222594358042,5902.724745859476,112.20001220703125,89.40000915527344,81.0000057220459,0.4242468053627785,0.5999984741210938,0.5903398576601089,0.4242468053627785,True,True,loadable STL and repaired mesh has no non-manifold edges
881,outputs/phase_b_mesh_qc/case_outputs/881/segmentation_repaired.stl,True,3.0,0.07321891191709845,-0.0034211992916539182,ok,True,True,True,0,0,13,6540.51654360552,7930.020041988175,118.20001220703125,85.79999923706055,93.60000228881836,0.424252200193688,0.5999984741210938,0.5911456515687363,0.424252200193688,True,True,loadable STL and repaired mesh has no non-manifold edges
882,outputs/phase_b_mesh_qc/case_outputs/882/segmentation_repaired.stl,True,3.0,0.12771833681280445,-0.002282189489034703,ok,True,True,True,0,0,12,9786.997499903564,10332.799381234108,119.99999809265137,111.60000610351562,89.40000534057617,0.4242468053627785,0.5999984741210938,0.5899884561697749,0.4242468053627785,True,True,loadable STL and repaired mesh has no non-manifold edges
883,outputs/phase_b_mesh_qc/case_outputs/883/segmentation_repaired.stl,True,3.0,0.04406971801048604,-0.003804519853408677,ok,True,True,True,0,0,7,5961.9608399108765,7842.121680570415,121.80000495910645,100.80001068115234,91.80000495910645,0.4242468053627785,0.5999984741210938,0.5890789140277225,0.4242468053627785,True,True,loadable STL and repaired mesh has no non-manifold edges
884,outputs/phase_b_mesh_qc/case_outputs/884/segmentation_repaired.stl,True,3.0,0.07714506570471528,-0.0027750179029792732,ok,True,True,True,0,0,4,4115.925227165102,4878.921766341049,101.39999961853027,83.4000015258789,81.00000762939453,0.42425759495599724,0.5999984741210938,0.5891700712119653,0.42425759495599724,True,True,loadable STL and repaired mesh has no non-manifold edges
885,outputs/phase_b_mesh_qc/case_outputs/885/segmentation_repaired.stl,True,3.0,0.06514971835161577,-0.0033328795507895745,ok,True,True,True,0,0,12,5713.047509255455,7050.871671606906,138.60000228881836,102.60000610351562,88.80000305175781,0.4242468053627785,0.5999984741210938,0.5885681528873733,0.4242468053627785,True,True,loadable STL and repaired mesh has no non-manifold edges
886,outputs/phase_b_mesh_qc/case_outputs/886/segmentation_repaired.stl,True,3.0,0.06812607449856733,-0.0032836179433370755,ok,True,True,True,0,0,9,9237.295341292775,11464.179353117737,110.40000534057617,91.80000305175781,85.80000305175781,0.424252200193688,0.5999984741210938,0.5910514634191147,0.424252200193688,True,True,loadable STL and repaired mesh has no non-manifold edges
887,outputs/phase_b_mesh_qc/case_outputs/887/segmentation_repaired.stl,True,3.0,0.15365545281007512,-0.002569694455636997,ok,True,True,True,0,0,17,8579.530013420976,8885.303031549676,168.0000057220459,98.40000534057617,114.60000896453857,0.4242468053627785,0.5999984741210938,0.5883111531218442,0.4242468053627785,True,True,loadable STL and repaired mesh has no non-manifold edges
888,outputs/phase_b_mesh_qc/case_outputs/888/segmentation_repaired.stl,True,3.0,0.07674003569303986,-0.003033909299940173,ok,True,True,True,0,0,6,4633.794616597394,5510.21373965067,112.79999923706055,94.80000305175781,87.60000038146973,0.4242468053627785,0.5999984741210938,0.5884379375856983,0.4242468053627785,True,True,loadable STL and repaired mesh has no non-manifold edges
889,outputs/phase_b_mesh_qc/case_outputs/889/segmentation_repaired.stl,True,3.0,0.06859670976332632,-0.0032114927568321658,ok,True,True,True,0,0,8,4933.602444768921,6005.77625448705,104.40000915527344,81.60000610351562,102.0000057220459,0.424252200193688,0.5999984741210938,0.5894775452121521,0.424252200193688,True,True,loadable STL and repaired mesh has no non-manifold edges
890,outputs/phase_b_mesh_qc/case_outputs/890/segmentation_repaired.stl,True,3.0,0.07376283846872082,-0.0026434726012904814,ok,True,True,True,0,0,2,4998.213420947987,5937.0330350585955,101.4000015258789,81.60000228881836,85.20000076293945,0.42425759495599724,0.5999984741210938,0.589383020302452,0.42425759495599724,True,True,loadable STL and repaired mesh has no non-manifold edges
891,outputs/phase_b_mesh_qc/case_outputs/891/segmentation_repaired.stl,True,3.0,0.050905319562680955,-0.003628218538298004,ok,True,True,True,0,0,8,4893.660692768324,6277.395489644348,100.20001029968262,81.00000381469727,94.20000648498535,0.42425759495599724,0.5999984741210938,0.5893664256982769,0.42425759495599724,True,True,loadable STL and repaired mesh has no non-manifold edges
892,outputs/phase_b_mesh_qc/case_outputs/892/segmentation_repaired.stl,True,3.0,0.10883188093606189,-0.003736458596068588,ok,True,True,True,0,0,27,8659.189227942165,10077.10012615307,123.60001182556152,113.40000915527344,90.00000667572021,0.4242468053627785,0.5999984741210938,0.5897557846248899,0.4242468053627785,True,True,loadable STL and repaired mesh has no non-manifold edges
893,outputs/phase_b_mesh_qc/case_outputs/893/segmentation_repaired.stl,True,3.0,0.1346056976548945,-0.0024688764007287896,ok,True,True,True,0,0,7,7602.795832586579,8023.345851870281,150.6000099182129,123.0000114440918,101.40000534057617,0.4242468053627785,0.5999984741210938,0.5905799595908923,0.4242468053627785,True,True,loadable STL and repaired mesh has no non-manifold edges
894,outputs/phase_b_mesh_qc/case_outputs/894/segmentation_repaired.stl,True,3.0,0.13513109733323372,-0.0024767679400929375,ok,True,True,True,0,0,12,8541.630724711305,9111.859947637668,133.19999885559082,109.79999923706055,91.20000267028809,0.4242468053627785,0.5999984741210938,0.5903684320941367,0.4242468053627785,True,True,loadable STL and repaired mesh has no non-manifold edges
895,outputs/phase_b_mesh_qc/case_outputs/895/segmentation_repaired.stl,True,3.0,0.07176709546377792,-0.0032634324141957087,ok,True,True,True,0,0,14,7820.667521373177,9563.551794377121,106.20000839233398,99.0,73.20000553131104,0.424252200193688,0.5999984741210938,0.5909825140660641,0.424252200193688,True,True,loadable STL and repaired mesh has no non-manifold edges
896,outputs/phase_b_mesh_qc/case_outputs/896/segmentation_repaired.stl,True,3.0,0.04645873944119558,-0.004271643649583465,ok,True,True,True,0,0,12,3901.0324613341345,5093.89923258465,107.39999961853027,86.4000072479248,94.20000076293945,0.424252200193688,0.5999984741210938,0.5890035187076869,0.424252200193688,True,True,loadable STL and repaired mesh has no non-manifold edges
897,outputs/phase_b_mesh_qc/case_outputs/897/segmentation_repaired.stl,True,3.0,0.07344438720018318,-0.0028090055099085436,ok,True,True,True,0,0,8,7411.752947079293,8781.08033880176,108.60001182556152,93.00000762939453,85.80000686645508,0.424252200193688,0.5999984741210938,0.5906360292543125,0.424252200193688,True,True,loadable STL and repaired mesh has no non-manifold edges
898,outputs/phase_b_mesh_qc/case_outputs/898/segmentation_repaired.stl,True,3.0,0.09330916927899686,-0.0023843133275176127,ok,True,True,True,0,0,4,8674.246042270293,9824.621759663647,109.20000839233398,98.39999771118164,79.20000076293945,0.4242468053627785,0.5999984741210938,0.5894345372487234,0.4242468053627785,True,True,loadable STL and repaired mesh has no non-manifold edges
899,outputs/phase_b_mesh_qc/case_outputs/899/segmentation_repaired.stl,True,3.0,0.13501033324722295,-0.0024821167649911103,ok,True,True,True,0,0,8,6587.33444778174,6992.122409294856,120.5999984741211,99.60000228881836,95.4000072479248,0.4242468053627785,0.5999984741210938,0.5884103931050226,0.4242468053627785,True,True,loadable STL and repaired mesh has no non-manifold edges
900,outputs/phase_b_mesh_qc/case_outputs/900/segmentation_repaired.stl,True,3.0,0.07411610340792227,-0.002885645820564844,ok,True,True,True,0,0,3,5982.139212621722,7068.019896233437,106.80000305175781,92.40000915527344,78.60000610351562,0.424252200193688,0.5999984741210938,0.590257365571484,0.424252200193688,True,True,loadable STL and repaired mesh has no non-manifold edges
901,outputs/phase_b_mesh_qc/case_outputs/901/segmentation_repaired.stl,True,3.0,0.07512079496763606,-0.003352994425900885,ok,True,True,True,0,0,15,6978.015874127615,8314.260880794938,142.8000030517578,113.40001106262207,108.60000133514404,0.4242468053627785,0.5999984741210938,0.5917348358482032,0.4242468053627785,True,True,loadable STL and repaired mesh has no non-manifold edges
902,outputs/phase_b_mesh_qc/case_outputs/902/segmentation_repaired.stl,True,3.0,0.05817302746631005,-0.003545119033372905,ok,True,True,True,0,0,9,8232.760098993871,10291.848606070467,104.40000534057617,86.39999771118164,98.40000534057617,0.4242468053627785,0.5999984741210938,0.5908899410830968,0.4242468053627785,True,True,loadable STL and repaired mesh has no non-manifold edges
903,outputs/phase_b_mesh_qc/case_outputs/903/segmentation_repaired.stl,True,3.0,0.08537984851962359,-0.0028070601082877647,ok,True,True,True,0,0,7,6472.107530213066,7570.402439804733,115.79999923706055,96.00000762939453,85.20000267028809,0.4242468053627785,0.5999984741210938,0.5893062665687787,0.4242468053627785,True,True,loadable STL and repaired mesh has no non-manifold edges
904,outputs/phase_b_mesh_qc/case_outputs/904/segmentation_repaired.stl,True,3.0,0.09549295009372707,not_watertight,ok,True,False,False,68,68,16,not_watertight,8865.166614568876,147.3000087738037,93.0,75.30000114440918,0.424252200193688,0.5999984741210938,0.5911100295780959,0.424252200193688,True,False,geometry defects may break slicing
905,outputs/phase_b_mesh_qc/case_outputs/905/segmentation_repaired.stl,True,3.0,0.06136023678431622,-0.0032977374310338486,ok,True,True,True,0,0,11,6655.032753874159,8195.79783159681,154.8000030517578,102.60000228881836,91.20000648498535,0.4242468053627785,0.5999984741210938,0.590234325351178,0.4242468053627785,True,True,loadable STL and repaired mesh has no non-manifold edges
906,outputs/phase_b_mesh_qc/case_outputs/906/segmentation_repaired.stl,True,3.0,0.10860884268086485,-0.0030952650854855763,ok,True,True,True,0,0,11,5904.720825562384,6600.911260795167,108.60000228881836,86.4000015258789,84.60000419616699,0.424252200193688,0.5999984741210938,0.5904592801363812,0.424252200193688,True,True,loadable STL and repaired mesh has no non-manifold edges
907,outputs/phase_b_mesh_qc/case_outputs/907/segmentation_repaired.stl,True,3.0,0.09836803991545684,-0.003036005107991129,ok,True,True,True,0,0,9,6122.458148809251,7073.977906263974,114.60000228881836,100.80000305175781,78.60000514984131,0.424252200193688,0.5999984741210938,0.5919699484840938,0.424252200193688,True,True,loadable STL and repaired mesh has no non-manifold edges
908,outputs/phase_b_mesh_qc/case_outputs/908/segmentation_repaired.stl,True,3.0,0.07242883729444427,-0.0029329343309210487,ok,True,True,True,0,0,9,6952.357312591383,8249.611552902392,122.4000015258789,105.0,90.00000762939453,0.424252200193688,0.5999984741210938,0.5897934980686608,0.424252200193688,True,True,loadable STL and repaired mesh has no non-manifold edges
909,outputs/phase_b_mesh_qc/case_outputs/909/segmentation_repaired.stl,True,3.0,0.04838965571949865,-0.003317691679452435,ok,True,True,True,0,0,9,5334.390816794122,6753.55482603976,111.60001182556152,99.5999984741211,90.60000228881836,0.424252200193688,0.5999984741210938,0.5907718617692133,0.424252200193688,True,True,loadable STL and repaired mesh has no non-manifold edges
910,outputs/phase_b_mesh_qc/case_outputs/910/segmentation_repaired.stl,True,3.0,0.06691526295486691,-0.003497377990247625,ok,True,True,True,0,0,9,8230.014826766022,10211.835095967905,112.80001068115234,91.79999923706055,90.60000228881836,0.4242468053627785,0.5999984741210938,0.5918282499752685,0.4242468053627785,True,True,loadable STL and repaired mesh has no non-manifold edges
911,outputs/phase_b_mesh_qc/case_outputs/911/segmentation_repaired.stl,True,3.0,0.07743898223051926,-0.003041911404541327,ok,True,True,True,0,0,6,6135.462552972868,7273.930564659531,139.2000026702881,114.00000762939453,85.20000457763672,0.4242468053627785,0.5999984741210938,0.5896365919500389,0.4242468053627785,True,True,loadable STL and repaired mesh has no non-manifold edges
912,outputs/phase_b_mesh_qc/case_outputs/912/segmentation_repaired.stl,True,3.0,0.08675407425560593,-0.003359768028772466,ok,True,True,True,0,0,10,6921.486934535967,8196.124492460895,134.40000915527344,120.00000762939453,96.00000286102295,0.424252200193688,0.5999984741210938,0.5894744772496324,0.424252200193688,True,True,loadable STL and repaired mesh has no non-manifold edges
913,outputs/phase_b_mesh_qc/case_outputs/913/segmentation_repaired.stl,True,3.0,0.0726289843706235,-0.0032297219125483442,ok,True,True,True,0,0,8,7569.675778248777,9139.402150685666,142.80000114440918,141.0000114440918,88.2000060081482,0.4242468053627785,0.5999984741210938,0.5909376084592873,0.4242468053627785,True,True,loadable STL and repaired mesh has no non-manifold edges
914,outputs/phase_b_mesh_qc/case_outputs/914/segmentation_repaired.stl,True,3.0,0.05999293161335925,-0.0032047075574716485,ok,True,True,True,0,0,10,4799.530237953387,5790.311562484589,95.40000915527344,78.00000381469727,100.20000267028809,0.424252200193688,0.5999984741210938,0.5900068094017105,0.424252200193688,True,True,loadable STL and repaired mesh has no non-manifold edges
915,outputs/phase_b_mesh_qc/case_outputs/915/segmentation_repaired.stl,True,3.0,0.11177814029363785,-0.002421732335306637,ok,True,True,True,0,0,8,9772.497937092716,10780.24624386564,122.39999961853027,98.40000534057617,97.80000305175781,0.424252200193688,0.5999984741210938,0.5917374498780522,0.424252200193688,True,True,loadable STL and repaired mesh has no non-manifold edges
916,outputs/phase_b_mesh_qc/case_outputs/916/segmentation_repaired.stl,True,3.0,0.0848598811112459,-0.002759105937015639,ok,True,True,True,0,0,7,6995.970887001698,8174.938656825781,128.40000915527344,114.60000610351562,96.0000057220459,0.4242468053627785,0.5999984741210938,0.5898163996742294,0.4242468053627785,True,True,loadable STL and repaired mesh has no non-manifold edges
917,outputs/phase_b_mesh_qc/case_outputs/917/segmentation_repaired.stl,True,3.0,0.12488632229901782,-0.0023400053589131228,ok,True,True,True,0,0,11,9358.282873579787,9944.192000791925,145.20000839233398,113.4000015258789,85.80000495910645,0.4242468053627785,0.5999984741210938,0.5915561360127919,0.4242468053627785,True,True,loadable STL and repaired mesh has no non-manifold edges
918,outputs/phase_b_mesh_qc/case_outputs/918/segmentation_repaired.stl,True,3.0,0.082413006481515,-0.003174968695860275,ok,True,True,True,0,0,14,5860.017482505985,6810.978037353436,108.60000610351562,84.60000610351562,92.40000343322754,0.424252200193688,0.5999984741210938,0.5902921103874986,0.424252200193688,True,True,loadable STL and repaired mesh has no non-manifold edges
919,outputs/phase_b_mesh_qc/case_outputs/919/segmentation_repaired.stl,True,3.0,0.11286948613005912,-0.002654703139124482,ok,True,True,True,0,0,6,7010.388792265284,7790.743348860944,108.60000228881836,105.00000381469727,89.40000581741333,0.4242468053627785,0.5999984741210938,0.5897912312026139,0.4242468053627785,True,True,loadable STL and repaired mesh has no non-manifold edges
920,outputs/phase_b_mesh_qc/case_outputs/920/segmentation_repaired.stl,True,3.0,0.052532589662105195,-0.003745146702958334,ok,True,True,True,0,0,18,6520.708024639687,8323.323584515712,138.00000190734863,95.40000915527344,90.0000057220459,0.4242468053627785,0.5999984741210938,0.5892462594866091,0.4242468053627785,True,True,loadable STL and repaired mesh has no non-manifold edges
921,outputs/phase_b_mesh_qc/case_outputs/921/segmentation_repaired.stl,True,3.0,0.08772695530726257,-0.002516609668937954,ok,True,True,True,0,0,7,7297.26365380661,8389.647570518524,156.00000762939453,111.60000610351562,86.99999952316284,0.4242468053627785,0.5999984741210938,0.59176309962908,0.4242468053627785,True,True,loadable STL and repaired mesh has no non-manifold edges
922,outputs/phase_b_mesh_qc/case_outputs/922/segmentation_repaired.stl,True,3.0,0.08037292060203521,-0.004589556702031064,ok,True,True,True,0,0,18,3466.2874125248077,4304.507713957768,104.40001106262207,86.40000915527344,66.60000610351562,0.4242548976348674,0.5999984741210938,0.5880428467196213,0.4242548976348674,True,True,loadable STL and repaired mesh has no non-manifold edges
923,outputs/phase_b_mesh_qc/case_outputs/923/segmentation_repaired.stl,True,3.0,0.13855167565033982,-0.0021711304181358253,ok,True,True,True,0,0,6,9084.942969324307,9464.512227104571,122.39999771118164,126.60000991821289,99.60000419616699,0.4242468053627785,0.5999984741210938,0.5908173370242683,0.4242468053627785,True,True,loadable STL and repaired mesh has no non-manifold edges
924,outputs/phase_b_mesh_qc/case_outputs/924/segmentation_repaired.stl,True,3.0,0.05177331682901889,-0.00341601712049352,ok,True,True,True,0,0,8,7873.91206406901,9895.836345621827,111.60001182556152,67.20001220703125,123.60001182556152,0.424252200193688,0.5999984741210938,0.5928714908066393,0.424252200193688,True,True,loadable STL and repaired mesh has no non-manifold edges
925,outputs/phase_b_mesh_qc/case_outputs/925/segmentation_repaired.stl,True,3.0,0.07376369558779983,not_watertight,ok,True,False,False,82,82,16,not_watertight,8538.003413103943,156.9000072479248,109.79999923706055,117.9000015258789,0.4242468053627785,0.5999984741210938,0.5912532416555956,0.4242468053627785,True,False,geometry defects may break slicing
926,outputs/phase_b_mesh_qc/case_outputs/926/segmentation_repaired.stl,True,3.0,0.07582010807131005,-0.003348710340077236,ok,True,True,True,0,0,9,4981.0507976462,5941.213750072229,103.20000839233398,92.4000015258789,111.00000429153442,0.424252200193688,0.5999984741210938,0.5872254604892162,0.424252200193688,True,True,loadable STL and repaired mesh has no non-manifold edges
927,outputs/phase_b_mesh_qc/case_outputs/927/segmentation_repaired.stl,True,3.0,0.04470780257602101,-0.003887121778608028,ok,True,True,True,0,0,13,5953.94147020637,7808.306169497954,107.39999771118164,94.20001220703125,90.00000381469727,0.4242468053627785,0.5999984741210938,0.5899759826178089,0.4242468053627785,True,True,loadable STL and repaired mesh has no non-manifold edges
928,outputs/phase_b_mesh_qc/case_outputs/928/segmentation_repaired.stl,True,3.0,0.11885673412213513,-0.0025290732386310205,ok,True,True,True,0,0,7,7140.132434855776,7685.439031140451,128.4000015258789,108.5999984741211,90.00000381469727,0.4242468053627785,0.5999984741210938,0.591711768937851,0.4242468053627785,True,True,loadable STL and repaired mesh has no non-manifold edges
929,outputs/phase_b_mesh_qc/case_outputs/929/segmentation_repaired.stl,True,3.0,0.13160780144200418,-0.0030826469370450814,ok,True,True,True,0,0,17,6393.0159233806435,6990.16482991282,105.00000762939453,106.20000839233398,85.20000553131104,0.4242468053627785,0.5999984741210938,0.5888642861153327,0.4242468053627785,True,True,loadable STL and repaired mesh has no non-manifold edges
930,outputs/phase_b_mesh_qc/case_outputs/930/segmentation_repaired.stl,True,3.0,0.12835685025034138,-0.0026231740206100486,ok,True,True,True,0,0,9,7474.060268280676,8013.6205917621755,115.80000877380371,99.60000228881836,78.60000610351562,0.4242468053627785,0.5999984741210938,0.5900497008998139,0.4242468053627785,True,True,loadable STL and repaired mesh has no non-manifold edges
931,outputs/phase_b_mesh_qc/case_outputs/931/segmentation_repaired.stl,True,3.0,0.061094708153531685,-0.005168311108382871,ok,True,True,True,0,0,20,3708.45068567287,4976.715666676625,146.40000915527344,99.60000228881836,89.4000072479248,0.424252200193688,0.5999984741210938,0.5905183890618532,0.424252200193688,True,True,loadable STL and repaired mesh has no non-manifold edges
932,outputs/phase_b_mesh_qc/case_outputs/932/segmentation_repaired.stl,True,3.0,0.09037817137386309,-0.0023453754098094444,ok,True,True,True,0,0,4,6660.504505016082,7491.18911703541,98.40000534057617,87.0,84.00000667572021,0.424252200193688,0.5999984741210938,0.5926463502814396,0.424252200193688,True,True,loadable STL and repaired mesh has no non-manifold edges
933,outputs/phase_b_mesh_qc/case_outputs/933/segmentation_repaired.stl,True,3.0,0.07960758584059736,-0.0038413684172206404,ok,True,True,True,0,0,15,6768.369868280322,8392.44260647295,106.80000495910645,90.0000114440918,102.60000133514404,0.4242468053627785,0.5999984741210938,0.5901861373965122,0.4242468053627785,True,True,loadable STL and repaired mesh has no non-manifold edges
934,outputs/phase_b_mesh_qc/case_outputs/934/segmentation_repaired.stl,True,3.0,0.09325379158875731,-0.0026672578776592054,ok,True,True,True,0,0,5,7152.634303659768,8287.363828877156,111.00000762939453,88.79999923706055,103.20000267028809,0.4242468053627785,0.5999984741210938,0.5898377185807235,0.4242468053627785,True,True,loadable STL and repaired mesh has no non-manifold edges
935,outputs/phase_b_mesh_qc/case_outputs/935/segmentation_repaired.stl,True,3.0,0.10421857304643262,-0.0023865139115176034,ok,True,True,True,0,0,6,7504.8484938177,8406.092457335735,124.80001068115234,106.19999694824219,91.80000114440918,0.4242468053627785,0.5999984741210938,0.5933260893673992,0.4242468053627785,True,True,loadable STL and repaired mesh has no non-manifold edges
936,outputs/phase_b_mesh_qc/case_outputs/936/segmentation_repaired.stl,True,3.0,0.15962531678054726,-0.0025301951130287602,ok,True,True,True,0,0,13,6638.346612113751,6737.4830509184585,123.0,106.20000457763672,77.40000247955322,0.4242468053627785,0.5999984741210938,0.5910167160556782,0.4242468053627785,True,True,loadable STL and repaired mesh has no non-manifold edges
937,outputs/phase_b_mesh_qc/case_outputs/937/segmentation_repaired.stl,True,3.0,0.061623302120729855,-0.0034823052161826393,ok,True,True,True,0,0,6,5720.544848396639,7103.884840175283,129.5999984741211,127.20000839233398,83.4000015258789,0.4242468053627785,0.5999984741210938,0.5880751410496838,0.4242468053627785,True,True,loadable STL and repaired mesh has no non-manifold edges
938,outputs/phase_b_mesh_qc/case_outputs/938/segmentation_repaired.stl,True,3.0,0.14341581667657685,-0.0023525842990128427,ok,True,True,True,0,0,13,9304.381167182208,9732.005188467923,151.8000030517578,163.2000026702881,91.80000305175781,0.4242468053627785,0.5999984741210938,0.5910608990921156,0.4242468053627785,True,True,loadable STL and repaired mesh has no non-manifold edges
939,outputs/phase_b_mesh_qc/case_outputs/939/segmentation_repaired.stl,True,3.0,0.05483075813142548,-0.0034039396705359457,ok,True,True,True,0,0,13,7039.980678120181,8807.734080410575,131.39999771118164,107.39999771118164,89.4000015258789,0.4242468053627785,0.5999984741210938,0.5915678236587409,0.4242468053627785,True,True,loadable STL and repaired mesh has no non-manifold edges
940,outputs/phase_b_mesh_qc/case_outputs/940/segmentation_repaired.stl,True,3.0,0.043305005489366895,-0.004571261559977291,ok,True,True,True,0,0,13,5189.3828611191575,6927.110776510987,109.80001068115234,87.60000419616699,83.39999961853027,0.424252200193688,0.5999984741210938,0.5905645309736463,0.424252200193688,True,True,loadable STL and repaired mesh has no non-manifold edges
941,outputs/phase_b_mesh_qc/case_outputs/941/segmentation_repaired.stl,True,3.0,0.04745175192055462,-0.0034417015329068225,ok,True,True,True,0,0,6,4516.686546123332,5753.8302919347425,93.0,76.80000686645508,89.4000072479248,0.424252200193688,0.5999984741210938,0.5892887518654095,0.424252200193688,True,True,loadable STL and repaired mesh has no non-manifold edges
942,outputs/phase_b_mesh_qc/case_outputs/942/segmentation_repaired.stl,True,3.0,0.06210245831184459,-0.003464113915393576,ok,True,True,True,0,0,8,4924.494922268442,6096.418442426801,93.60000228881836,79.80000305175781,79.20000457763672,0.424252200193688,0.5999984741210938,0.5903402637876349,0.424252200193688,True,True,loadable STL and repaired mesh has no non-manifold edges
943,outputs/phase_b_mesh_qc/case_outputs/943/segmentation_repaired.stl,True,3.0,0.04746451890370255,-0.004526101134101809,ok,True,True,True,0,0,17,5397.642973224744,7084.2481489585525,94.20001220703125,89.4000015258789,97.20000606775284,0.4242468053627785,0.5999984741210938,0.5890598923031549,0.4242468053627785,True,True,loadable STL and repaired mesh has no non-manifold edges
944,outputs/phase_b_mesh_qc/case_outputs/944/segmentation_repaired.stl,True,3.0,0.08260869565217391,not_watertight,ok,True,False,False,52,52,20,not_watertight,10699.62494902183,160.50000762939453,120.60000991821289,104.70000457763672,0.4242468053627785,0.5999984741210938,0.5902294477522096,0.4242468053627785,True,False,geometry defects may break slicing
945,outputs/phase_b_mesh_qc/case_outputs/945/segmentation_repaired.stl,True,3.0,0.07793643207073725,-0.002925661264850137,ok,True,True,True,0,0,8,7094.41289266257,8510.745503099388,108.60000610351562,119.40000534057617,85.20000648498535,0.4242468053627785,0.5999984741210938,0.5893659606092738,0.4242468053627785,True,True,loadable STL and repaired mesh has no non-manifold edges
946,outputs/phase_b_mesh_qc/case_outputs/946/segmentation_repaired.stl,True,3.0,0.07335596096733135,-0.00298270751670958,ok,True,True,True,0,0,7,5000.049427912184,5896.751488373177,138.60000228881836,79.20000839233398,91.80000114440918,0.424252200193688,0.5999984741210938,0.5911455901086061,0.424252200193688,True,True,loadable STL and repaired mesh has no non-manifold edges
947,outputs/phase_b_mesh_qc/case_outputs/947/segmentation_repaired.stl,True,3.0,0.13551278134229555,-0.0023566001618918683,ok,True,True,True,0,0,12,10444.690507947678,11073.873326423882,129.60001182556152,116.40001106262207,95.40000438690186,0.4242468053627785,0.5999984741210938,0.59218404481292,0.4242468053627785,True,True,loadable STL and repaired mesh has no non-manifold edges
948,outputs/phase_b_mesh_qc/case_outputs/948/segmentation_repaired.stl,True,3.0,0.12489440783916202,-0.0021476821072837437,ok,True,True,True,0,0,7,10078.22780960603,10738.41904198902,155.4000015258789,102.60000991821289,87.00000381469727,0.4242468053627785,0.5999984741210938,0.5924751638691232,0.4242468053627785,True,True,loadable STL and repaired mesh has no non-manifold edges
949,outputs/phase_b_mesh_qc/case_outputs/949/segmentation_repaired.stl,True,3.0,0.06241575557885278,-0.0033191081878993912,ok,True,True,True,0,0,5,5657.292960697497,6928.119604230071,108.0,92.99999618530273,94.20000457763672,0.4242468053627785,0.5999984741210938,0.5905863287196792,0.4242468053627785,True,True,loadable STL and repaired mesh has no non-manifold edges
950,outputs/phase_b_mesh_qc/case_outputs/950/segmentation_repaired.stl,True,3.0,0.06212811992890812,-0.003770217031312821,ok,True,True,True,0,0,16,5472.900375794795,6846.06251248684,116.40001106262207,112.80000305175781,82.80000305175781,0.4242468053627785,0.5999984741210938,0.589088786552253,0.4242468053627785,True,True,loadable STL and repaired mesh has no non-manifold edges
951,outputs/phase_b_mesh_qc/case_outputs/951/segmentation_repaired.stl,True,3.0,0.14702198419211332,-0.002101908782128652,ok,True,True,True,0,0,9,9861.7598545479,10137.789256446658,122.39999771118164,145.20001220703125,81.60000228881836,0.4242468053627785,0.5999984741210938,0.5917628801036224,0.4242468053627785,True,True,loadable STL and repaired mesh has no non-manifold edges
952,outputs/phase_b_mesh_qc/case_outputs/952/segmentation_repaired.stl,True,3.0,0.0807996806599694,-0.0028378576117864852,ok,True,True,True,0,0,5,6378.804495488745,7479.322714070159,109.79999923706055,99.0,85.20000267028809,0.4242468053627785,0.5999984741210938,0.5916159466911338,0.4242468053627785,True,True,loadable STL and repaired mesh has no non-manifold edges
953,outputs/phase_b_mesh_qc/case_outputs/953/segmentation_repaired.stl,True,3.0,0.08635694765608577,-0.0030707056048294647,ok,True,True,True,0,0,10,10087.336915239743,11993.339231363987,112.19999885559082,101.39999961853027,94.80000305175781,0.424252200193688,0.5999984741210938,0.5913360546478276,0.424252200193688,True,True,loadable STL and repaired mesh has no non-manifold edges
954,outputs/phase_b_mesh_qc/case_outputs/954/segmentation_repaired.stl,True,3.0,0.08893221851350011,-0.0026361166127602765,ok,True,True,True,0,0,5,6425.640886573977,7342.701709608027,108.0000057220459,83.40000534057617,92.40000104904175,0.4242468053627785,0.5999984741210938,0.5893990366562591,0.4242468053627785,True,True,loadable STL and repaired mesh has no non-manifold edges
955,outputs/phase_b_mesh_qc/case_outputs/955/segmentation_repaired.stl,True,3.0,0.09233523485859935,-0.002781506167045769,ok,True,True,True,0,0,6,6990.705966138539,8185.527802921982,102.00000190734863,81.00000762939453,107.40000247955322,0.424252200193688,0.5999984741210938,0.5916554234569623,0.424252200193688,True,True,loadable STL and repaired mesh has no non-manifold edges
956,outputs/phase_b_mesh_qc/case_outputs/956/segmentation_repaired.stl,True,3.0,0.06928666051142066,-0.0031004042111275674,ok,True,True,True,0,0,7,5280.3095802901635,6379.127436846071,115.80000114440918,94.79999923706055,81.0000057220459,0.424252200193688,0.5999984741210938,0.5895694616666346,0.424252200193688,True,True,loadable STL and repaired mesh has no non-manifold edges
957,outputs/phase_b_mesh_qc/case_outputs/957/segmentation_repaired.stl,True,3.0,0.03434354309091888,-0.003758237897580368,ok,True,True,True,0,0,16,7849.18877358314,10347.938821024585,105.60000419616699,100.80000686645508,89.40000581741333,0.4242468053627785,0.5999984741210938,0.5911783641402033,0.4242468053627785,True,True,loadable STL and repaired mesh has no non-manifold edges
958,outputs/phase_b_mesh_qc/case_outputs/958/segmentation_repaired.stl,True,3.0,0.1011015659262699,-0.0031001154874007427,ok,True,True,True,0,0,13,8224.371886886285,9478.537781008248,135.00000190734863,118.20000076293945,97.80000686645508,0.4242468053627785,0.5999984741210938,0.5888282206095111,0.4242468053627785,True,True,loadable STL and repaired mesh has no non-manifold edges
959,outputs/phase_b_mesh_qc/case_outputs/959/segmentation_repaired.stl,True,3.0,0.10139055460114745,not_watertight,ok,True,False,False,10,10,20,not_watertight,7703.644203788908,152.39999961853027,115.80000305175781,119.70000457763672,0.4242468053627785,0.5999984741210938,0.588994506961792,0.4242468053627785,True,False,geometry defects may break slicing
960,outputs/phase_b_mesh_qc/case_outputs/960/segmentation_repaired.stl,True,3.0,0.10839128202734867,-0.002677591386189197,ok,True,True,True,0,0,19,9104.103828384801,10124.548114251027,174.00001335144043,124.79999923706055,90.00000381469727,0.4242468053627785,0.5999984741210938,0.5924417782710218,0.4242468053627785,True,True,loadable STL and repaired mesh has no non-manifold edges
961,outputs/phase_b_mesh_qc/case_outputs/961/segmentation_repaired.stl,True,3.0,0.0683926492892667,-0.003228261713576807,ok,True,True,True,0,0,11,6006.492545821736,7294.77024453012,143.39999771118164,115.20000839233398,81.60000705718994,0.4242468053627785,0.5999984741210938,0.5921083729775475,0.4242468053627785,True,True,loadable STL and repaired mesh has no non-manifold edges
962,outputs/phase_b_mesh_qc/case_outputs/962/segmentation_repaired.stl,True,3.0,0.09767409663574692,not_watertight,ok,True,False,False,26,26,26,not_watertight,10651.761342484186,200.40000915527344,136.8000030517578,127.50000762939453,0.4242468053627785,0.5999984741210938,0.5908786222863125,0.4242468053627785,True,False,geometry defects may break slicing
963,outputs/phase_b_mesh_qc/case_outputs/963/segmentation_repaired.stl,True,3.0,0.14688063410593338,-0.0021617843632460248,ok,True,True,True,0,0,12,13113.226838637222,13393.265910076983,135.5999984741211,107.40000915527344,94.20000457763672,0.4242468053627785,0.5999984741210938,0.5900890789703636,0.4242468053627785,True,True,loadable STL and repaired mesh has no non-manifold edges
964,outputs/phase_b_mesh_qc/case_outputs/964/segmentation_repaired.stl,True,3.0,0.12271965638496213,-0.002220554788589496,ok,True,True,True,0,0,5,9015.831555736537,9656.700678448768,151.20000076293945,105.60000610351562,97.80000305175781,0.4242468053627785,0.5999984741210938,0.590797072940146,0.4242468053627785,True,True,loadable STL and repaired mesh has no non-manifold edges
965,outputs/phase_b_mesh_qc/case_outputs/965/segmentation_repaired.stl,True,3.0,0.09941976946894596,-0.0027743907601585744,ok,True,True,True,0,0,14,8163.342935406367,9252.30704936031,144.5999984741211,97.80000686645508,83.40000343322754,0.4242468053627785,0.5999984741210938,0.5924510010417041,0.4242468053627785,True,True,loadable STL and repaired mesh has no non-manifold edges
966,outputs/phase_b_mesh_qc/case_outputs/966/segmentation_repaired.stl,True,3.0,0.07869100539109052,-0.0028836236342909714,ok,True,True,True,0,0,7,8970.058016401383,10671.02292248814,114.0000114440918,104.99999618530273,88.80000305175781,0.4242468053627785,0.5999984741210938,0.5906672732136843,0.4242468053627785,True,True,loadable STL and repaired mesh has no non-manifold edges
967,outputs/phase_b_mesh_qc/case_outputs/967/segmentation_repaired.stl,True,3.0,0.09534171502256608,-0.0024403820417603986,ok,True,True,True,0,0,7,7908.489899922097,8971.423444841668,128.4000072479248,98.40000915527344,101.4000015258789,0.4242468053627785,0.5999984741210938,0.5896531709272834,0.4242468053627785,True,True,loadable STL and repaired mesh has no non-manifold edges
968,outputs/phase_b_mesh_qc/case_outputs/968/segmentation_repaired.stl,True,3.0,0.08868025091222172,-0.0029144664516858047,ok,True,True,True,0,0,10,5177.997685809602,5938.27181452727,95.4000015258789,92.40000915527344,84.5999984741211,0.424252200193688,0.5999984741210938,0.5896180865256148,0.424252200193688,True,True,loadable STL and repaired mesh has no non-manifold edges
969,outputs/phase_b_mesh_qc/case_outputs/969/segmentation_repaired.stl,True,3.0,0.08777893098079917,-0.003108461085513144,ok,True,True,True,0,0,12,8177.7432689000925,9550.95831378033,125.40000534057617,89.40000915527344,105.60000276565552,0.4242468053627785,0.5999984741210938,0.5893954437915034,0.4242468053627785,True,True,loadable STL and repaired mesh has no non-manifold edges
970,outputs/phase_b_mesh_qc/case_outputs/970/segmentation_repaired.stl,True,3.0,0.05834746789435425,-0.0040767214210250865,ok,True,True,True,0,0,13,4362.102627910024,5517.21018734011,112.80001068115234,84.60000991821289,88.80000454187393,0.4242468053627785,0.5999984741210938,0.590257813672073,0.4242468053627785,True,True,loadable STL and repaired mesh has no non-manifold edges
971,outputs/phase_b_mesh_qc/case_outputs/971/segmentation_repaired.stl,True,3.0,0.06325810482981695,-0.00336428949867411,ok,True,True,True,0,0,11,5763.114807748723,7054.708111164271,100.20000076293945,75.00000381469727,112.2000060081482,0.424252200193688,0.5999984741210938,0.5908348027904183,0.424252200193688,True,True,loadable STL and repaired mesh has no non-manifold edges
972,outputs/phase_b_mesh_qc/case_outputs/972/segmentation_repaired.stl,True,3.0,0.06586915332317866,-0.0037234714964778045,ok,True,True,True,0,0,16,5699.835768471431,7019.874936117067,105.0000057220459,92.39999771118164,77.4000015258789,0.424252200193688,0.5999984741210938,0.5878642861418143,0.424252200193688,True,True,loadable STL and repaired mesh has no non-manifold edges
973,outputs/phase_b_mesh_qc/case_outputs/973/segmentation_repaired.stl,True,3.0,0.1354928004273608,-0.002025169347049249,ok,True,True,True,0,0,10,8775.94687901946,8993.819170148347,105.60000610351562,88.20000457763672,93.60000133514404,0.4242468053627785,0.5999984741210938,0.5891837275147419,0.4242468053627785,True,True,loadable STL and repaired mesh has no non-manifold edges
974,outputs/phase_b_mesh_qc/case_outputs/974/segmentation_repaired.stl,True,3.0,0.14778060226828316,-0.0022518207132575024,ok,True,True,True,0,0,13,13071.520732454426,13393.427312863536,148.79999923706055,98.99999618530273,94.20000648498535,0.4242468053627785,0.5999984741210938,0.5911569841328477,0.4242468053627785,True,True,loadable STL and repaired mesh has no non-manifold edges
975,outputs/phase_b_mesh_qc/case_outputs/975/segmentation_repaired.stl,True,3.0,0.1212419601516834,-0.0024735283527616315,ok,True,True,True,0,0,11,10151.362272193472,10990.52187059942,156.60001182556152,98.40000915527344,107.40001106262207,0.4242468053627785,0.5999984741210938,0.5915743839827944,0.4242468053627785,True,True,loadable STL and repaired mesh has no non-manifold edges
976,outputs/phase_b_mesh_qc/case_outputs/976/segmentation_repaired.stl,True,3.0,0.06838052010863499,-0.003235429146799129,ok,True,True,True,0,0,9,5695.731325166503,6911.655713837395,92.40000534057617,81.0000114440918,91.20000648498535,0.424252200193688,0.5999984741210938,0.5884141283335605,0.424252200193688,True,True,loadable STL and repaired mesh has no non-manifold edges
977,outputs/phase_b_mesh_qc/case_outputs/977/segmentation_repaired.stl,True,3.0,0.08120532868024563,-0.0025434847358519123,ok,True,True,True,0,0,2,6322.059377357847,7347.195667638666,103.20001220703125,90.60000228881836,90.0000057220459,0.4242468053627785,0.5999984741210938,0.5897667827592016,0.4242468053627785,True,True,loadable STL and repaired mesh has no non-manifold edges
978,outputs/phase_b_mesh_qc/case_outputs/978/segmentation_repaired.stl,True,3.0,0.07653563690593433,-0.0031930817815771263,ok,True,True,True,0,0,15,7528.7621271405515,9156.662738262603,114.00000381469727,98.39999771118164,77.39999961853027,0.4242468053627785,0.5999984741210938,0.5920229499059335,0.4242468053627785,True,True,loadable STL and repaired mesh has no non-manifold edges
979,outputs/phase_b_mesh_qc/case_outputs/979/segmentation_repaired.stl,True,3.0,0.08939913617886179,-0.0030047233319622454,ok,True,True,True,0,0,9,6681.835206910248,7757.071518819691,114.0,117.0,97.20000267028809,0.4242468053627785,0.5999984741210938,0.5901342668495042,0.4242468053627785,True,True,loadable STL and repaired mesh has no non-manifold edges
980,outputs/phase_b_mesh_qc/case_outputs/980/segmentation_repaired.stl,True,3.0,0.17208443695320652,-0.0021485685792750004,ok,True,True,True,0,0,12,7965.990704590694,7759.312976924194,118.80000877380371,96.0,87.60000133514404,0.4242468053627785,0.5999984741210938,0.5905553826898537,0.4242468053627785,True,True,loadable STL and repaired mesh has no non-manifold edges
981,outputs/phase_b_mesh_qc/case_outputs/981/segmentation_repaired.stl,True,3.0,0.10779952550415184,-0.0032037972114505216,ok,True,True,True,0,0,11,4292.856876115201,4885.161090661176,116.40000915527344,100.19999694824219,97.80000734329224,0.424252200193688,0.5999984741210938,0.5925633366924901,0.424252200193688,True,True,loadable STL and repaired mesh has no non-manifold edges
982,outputs/phase_b_mesh_qc/case_outputs/982/segmentation_repaired.stl,True,3.0,0.051440329218107,-0.003246600386932089,ok,True,True,True,0,0,3,4626.954453421228,5906.015222897281,100.80000686645508,93.60000228881836,75.59999996423721,0.424252200193688,0.5999984741210938,0.5923419199691825,0.424252200193688,True,True,loadable STL and repaired mesh has no non-manifold edges
983,outputs/phase_b_mesh_qc/case_outputs/983/segmentation_repaired.stl,True,3.0,0.090003159711251,-0.003105898020551026,ok,True,True,True,0,0,11,8728.821902006379,10208.479590243633,123.00000190734863,97.20000076293945,93.00000762939453,0.424252200193688,0.5999984741210938,0.5913088496001158,0.424252200193688,True,True,loadable STL and repaired mesh has no non-manifold edges
984,outputs/phase_b_mesh_qc/case_outputs/984/segmentation_repaired.stl,True,3.0,0.14274887432570996,-0.0030363239285540232,ok,True,True,True,0,0,29,9531.52247953019,10192.902106971796,190.20001220703125,144.0,95.4000072479248,0.4242468053627785,0.5999984741210938,0.5888101449711772,0.4242468053627785,True,True,loadable STL and repaired mesh has no non-manifold edges
985,outputs/phase_b_mesh_qc/case_outputs/985/segmentation_repaired.stl,True,3.0,0.09058785737230966,-0.0030267758927940767,ok,True,True,True,0,0,11,7266.007291592493,8403.227248016505,166.80000686645508,137.39999771118164,95.4000072479248,0.4242468053627785,0.5999984741210938,0.5926195726849269,0.4242468053627785,True,True,loadable STL and repaired mesh has no non-manifold edges
986,outputs/phase_b_mesh_qc/case_outputs/986/segmentation_repaired.stl,True,3.0,0.11467814901618793,-0.0026705668074649717,ok,True,True,True,0,0,12,7802.775523296977,8477.546260688441,176.40000534057617,109.80000305175781,96.0000057220459,0.4242468053627785,0.5999984741210938,0.5897626237413519,0.4242468053627785,True,True,loadable STL and repaired mesh has no non-manifold edges
987,outputs/phase_b_mesh_qc/case_outputs/987/segmentation_repaired.stl,True,3.0,0.13512092534174552,-0.0020279099286653703,ok,True,True,True,0,0,4,10529.5515872097,11018.781504853012,118.80000591278076,82.19999694824219,99.0,0.424252200193688,0.5999984741210938,0.5915933464540308,0.424252200193688,True,True,loadable STL and repaired mesh has no non-manifold edges
988,outputs/phase_b_mesh_qc/case_outputs/988/segmentation_repaired.stl,True,3.0,0.05944806294943714,-0.0037692247805523257,ok,True,True,True,0,0,13,5617.197670274681,7104.371140943279,112.80000877380371,87.60000228881836,78.0,0.424252200193688,0.5999984741210938,0.5926978815914348,0.424252200193688,True,True,loadable STL and repaired mesh has no non-manifold edges
989,outputs/phase_b_mesh_qc/case_outputs/989/segmentation_repaired.stl,True,3.0,0.07581348540758134,-0.0027485358463007863,ok,True,True,True,0,0,6,7588.06290150329,9044.829173246477,113.39999961853027,85.80000305175781,90.60000419616699,0.424252200193688,0.5999984741210938,0.5903389565595066,0.424252200193688,True,True,loadable STL and repaired mesh has no non-manifold edges
990,outputs/phase_b_mesh_qc/case_outputs/990/segmentation_repaired.stl,True,3.0,0.09889216689746523,-0.002766913766556789,ok,True,True,True,0,0,9,7055.785102140988,7973.495041935686,141.0,102.60000610351562,126.6000120639801,0.424252200193688,0.5999984741210938,0.5896364791447609,0.424252200193688,True,True,loadable STL and repaired mesh has no non-manifold edges
991,outputs/phase_b_mesh_qc/case_outputs/991/segmentation_repaired.stl,True,3.0,0.07502821215540867,-0.003532338289172038,ok,True,True,True,0,0,21,6568.497402255317,7946.759027715226,163.19999885559082,143.40000534057617,78.0000057220459,0.4242468053627785,0.5999984741210938,0.5905706549485847,0.4242468053627785,True,True,loadable STL and repaired mesh has no non-manifold edges
992,outputs/phase_b_mesh_qc/case_outputs/992/segmentation_repaired.stl,True,3.0,0.07212030548775687,-0.002865300383873255,ok,True,True,True,0,0,9,5388.750453758036,6411.9004100041975,111.60000228881836,87.0,87.0,0.424252200193688,0.5999984741210938,0.5878278561600965,0.424252200193688,True,True,loadable STL and repaired mesh has no non-manifold edges
993,outputs/phase_b_mesh_qc/case_outputs/993/segmentation_repaired.stl,True,3.0,0.12709293555685913,-0.0023004349876980606,ok,True,True,True,0,0,10,12695.023566462072,13642.677233383754,118.20000457763672,113.40000534057617,96.60000038146973,0.4242468053627785,0.5999984741210938,0.5910305897764123,0.4242468053627785,True,True,loadable STL and repaired mesh has no non-manifold edges
994,outputs/phase_b_mesh_qc/case_outputs/994/segmentation_repaired.stl,True,3.0,0.08252936241610738,-0.002858694103550486,ok,True,True,True,0,0,13,8089.308753312733,9544.827710143143,151.20000839233398,105.0,78.00000381469727,0.4242468053627785,0.5999984741210938,0.5918621022653388,0.4242468053627785,True,True,loadable STL and repaired mesh has no non-manifold edges
995,outputs/phase_b_mesh_qc/case_outputs/995/segmentation_repaired.stl,True,3.0,0.04954759440419352,not_watertight,ok,True,False,False,28,28,14,not_watertight,8097.71902156857,171.3000030517578,128.40000915527344,77.4000015258789,0.4242468053627785,0.5999984741210938,0.5912639034718812,0.4242468053627785,True,False,geometry defects may break slicing
996,outputs/phase_b_mesh_qc/case_outputs/996/segmentation_repaired.stl,True,3.0,0.05869173981709332,-0.0034509810620160595,ok,True,True,True,0,0,13,5759.82962522375,7221.8827388225245,106.19999885559082,93.60000610351562,77.40000534057617,0.4242468053627785,0.5999984741210938,0.5910616265805465,0.4242468053627785,True,True,loadable STL and repaired mesh has no non-manifold edges
997,outputs/phase_b_mesh_qc/case_outputs/997/segmentation_repaired.stl,True,3.0,0.10030444583885287,-0.0028010943077569905,ok,True,True,True,0,0,9,9135.333885520795,10378.688384874335,120.0000057220459,106.80001068115234,79.19999980926514,0.4242468053627785,0.5999984741210938,0.589982732129475,0.4242468053627785,True,True,loadable STL and repaired mesh has no non-manifold edges
998,outputs/phase_b_mesh_qc/case_outputs/998/segmentation_repaired.stl,True,3.0,0.17328886631181395,-0.002094785703373259,ok,True,True,True,0,0,3,9647.569265550388,9647.480614022486,111.0000057220459,95.40000915527344,81.60000228881836,0.424252200193688,0.5999984741210938,0.59196951991248,0.424252200193688,True,True,loadable STL and repaired mesh has no non-manifold edges
999,outputs/phase_b_mesh_qc/case_outputs/999/segmentation_repaired.stl,True,3.0,0.053164556962025315,-0.004486604340506697,ok,True,True,True,0,0,17,4419.036541889117,5740.916437249767,101.4000015258789,72.5999984741211,82.20000457763672,0.424252200193688,0.5999984741210938,0.5899014912519321,0.424252200193688,True,True,loadable STL and repaired mesh has no non-manifold edges
