case_id,stl,mask,planes_with_intersection,planes_all_contours_closed,slicability_fraction,slicability_pass,mesh_bbox_diagonal_mm,centroid_offset_mm,centroid_offset_pct_of_diagonal,bbox_max_error_mm,mask_spacing_mm,alignment_pass,status
1000,outputs/phase_b_mesh_qc/case_outputs/1000/segmentation_repaired.stl,outputs/final_test_250_phaseb_traceable_v14/case_outputs/1000/seg_mask_0.5.nii.gz,50,48,0.96,False,173.8188754824949,0.14142248322644144,0.08136198260049378,0.3000049591064453,0.6000 0.6000 0.6000,True,ok
751,outputs/phase_b_mesh_qc/case_outputs/751/segmentation_repaired.stl,outputs/final_test_250_phaseb_traceable_v14/case_outputs/751/seg_mask_0.5.nii.gz,50,50,1.0,True,193.4365056497536,0.12376979193453241,0.06398471246096461,0.300004243850708,0.6000 0.6000 0.6000,True,ok
752,outputs/phase_b_mesh_qc/case_outputs/752/segmentation_repaired.stl,outputs/final_test_250_phaseb_traceable_v14/case_outputs/752/seg_mask_0.5.nii.gz,50,50,1.0,True,172.3598682417054,0.08461608162893812,0.04909268177803342,0.3000065088272095,0.6000 0.6000 0.6000,True,ok
753,outputs/phase_b_mesh_qc/case_outputs/753/segmentation_repaired.stl,outputs/final_test_250_phaseb_traceable_v14/case_outputs/753/seg_mask_0.5.nii.gz,50,50,1.0,True,163.40061770337581,0.07684342284177861,0.047027620777587216,0.30000483989715576,0.6000 0.6000 0.6000,True,ok
754,outputs/phase_b_mesh_qc/case_outputs/754/segmentation_repaired.stl,outputs/final_test_250_phaseb_traceable_v14/case_outputs/754/seg_mask_0.5.nii.gz,50,48,0.96,False,168.5316609362024,0.1669837851801886,0.0990815519485091,0.30000150203704834,0.6000 0.6000 0.6000,True,ok
755,outputs/phase_b_mesh_qc/case_outputs/755/segmentation_repaired.stl,outputs/final_test_250_phaseb_traceable_v14/case_outputs/755/seg_mask_0.5.nii.gz,50,50,1.0,True,159.39122327097164,0.12491718248045566,0.07837143094641498,0.30000293254852295,0.6000 0.6000 0.6000,True,ok
756,outputs/phase_b_mesh_qc/case_outputs/756/segmentation_repaired.stl,outputs/final_test_250_phaseb_traceable_v14/case_outputs/756/seg_mask_0.5.nii.gz,50,48,0.96,False,156.77807355279126,0.1485279449902591,0.09473770255267608,0.30002057552337646,0.6000 0.6000 0.6000,True,ok
757,outputs/phase_b_mesh_qc/case_outputs/757/segmentation_repaired.stl,outputs/final_test_250_phaseb_traceable_v14/case_outputs/757/seg_mask_0.5.nii.gz,46,45,0.9782608695652174,False,201.4401241492087,0.13839787337054407,0.06870422362728063,0.30000364780426025,0.6000 0.6000 0.6000,True,ok
758,outputs/phase_b_mesh_qc/case_outputs/758/segmentation_repaired.stl,outputs/final_test_250_phaseb_traceable_v14/case_outputs/758/seg_mask_0.5.nii.gz,50,50,1.0,True,182.1175533953271,0.1383926401633914,0.07599082986963868,0.3000037670135498,0.6000 0.6000 0.6000,True,ok
759,outputs/phase_b_mesh_qc/case_outputs/759/segmentation_repaired.stl,outputs/final_test_250_phaseb_traceable_v14/case_outputs/759/seg_mask_0.5.nii.gz,50,50,1.0,True,146.29793119812737,0.12895332310941607,0.08814432442983629,0.30001330375671387,0.6000 0.6000 0.6000,True,ok
760,outputs/phase_b_mesh_qc/case_outputs/760/segmentation_repaired.stl,outputs/final_test_250_phaseb_traceable_v14/case_outputs/760/seg_mask_0.5.nii.gz,50,49,0.98,False,172.7437480231316,0.13010892263957677,0.07531903419286369,0.30000364780426025,0.6000 0.6000 0.6000,True,ok
761,outputs/phase_b_mesh_qc/case_outputs/761/segmentation_repaired.stl,outputs/final_test_250_phaseb_traceable_v14/case_outputs/761/seg_mask_0.5.nii.gz,50,50,1.0,True,168.7750077430841,0.1329269649678606,0.07875986305401758,0.3000035285949707,0.6000 0.6000 0.6000,True,ok
762,outputs/phase_b_mesh_qc/case_outputs/762/segmentation_repaired.stl,outputs/final_test_250_phaseb_traceable_v14/case_outputs/762/seg_mask_0.5.nii.gz,50,50,1.0,True,193.7563519813109,0.12088073448884915,0.0623880111556337,0.30000758171081543,0.6000 0.6000 0.6000,True,ok
763,outputs/phase_b_mesh_qc/case_outputs/763/segmentation_repaired.stl,outputs/final_test_250_phaseb_traceable_v14/case_outputs/763/seg_mask_0.5.nii.gz,48,47,0.9791666666666666,False,183.19661582669605,0.10463847315966891,0.057118125620102544,0.30000054836273193,0.6000 0.6000 0.6000,True,ok
764,outputs/phase_b_mesh_qc/case_outputs/764/segmentation_repaired.stl,outputs/final_test_250_phaseb_traceable_v14/case_outputs/764/seg_mask_0.5.nii.gz,50,50,1.0,True,177.82891366964589,0.12402467187867738,0.06974381686269476,0.3000037670135498,0.6000 0.6000 0.6000,True,ok
765,outputs/phase_b_mesh_qc/case_outputs/765/segmentation_repaired.stl,outputs/final_test_250_phaseb_traceable_v14/case_outputs/765/seg_mask_0.5.nii.gz,50,48,0.96,False,169.03929221657285,0.08806498650941878,0.05209734692723989,0.30000340938568115,0.6000 0.6000 0.6000,True,ok
766,outputs/phase_b_mesh_qc/case_outputs/766/segmentation_repaired.stl,outputs/final_test_250_phaseb_traceable_v14/case_outputs/766/seg_mask_0.5.nii.gz,49,47,0.9591836734693877,False,212.62700951328057,0.10135721003372963,0.04766901922090896,0.3000049591064453,0.6000 0.6000 0.6000,True,ok
767,outputs/phase_b_mesh_qc/case_outputs/767/segmentation_repaired.stl,outputs/final_test_250_phaseb_traceable_v14/case_outputs/767/seg_mask_0.5.nii.gz,40,39,0.975,False,187.9422848639455,2.4839606921412765,1.3216614312949617,0.30000245571136475,0.6000 0.6000 0.6000,True,ok
768,outputs/phase_b_mesh_qc/case_outputs/768/segmentation_repaired.stl,outputs/final_test_250_phaseb_traceable_v14/case_outputs/768/seg_mask_0.5.nii.gz,39,39,1.0,True,210.99813405662732,2.7430532772865908,1.3000367465573959,0.3000028133392334,0.6000 0.6000 0.6000,True,ok
769,outputs/phase_b_mesh_qc/case_outputs/769/segmentation_repaired.stl,outputs/final_test_250_phaseb_traceable_v14/case_outputs/769/seg_mask_0.5.nii.gz,50,40,0.8,False,171.33257392586376,4.611222697524364,2.691387044427207,0.3000009059906006,0.6000 0.6000 0.6000,True,ok
770,outputs/phase_b_mesh_qc/case_outputs/770/segmentation_repaired.stl,outputs/final_test_250_phaseb_traceable_v14/case_outputs/770/seg_mask_0.5.nii.gz,50,50,1.0,True,185.54072767941724,0.059438279932060606,0.03203516590425355,0.3000074625015259,0.6000 0.6000 0.6000,True,ok
771,outputs/phase_b_mesh_qc/case_outputs/771/segmentation_repaired.stl,outputs/final_test_250_phaseb_traceable_v14/case_outputs/771/seg_mask_0.5.nii.gz,47,47,1.0,True,212.01236775364183,0.11887893368409229,0.05607169758239269,0.30000507831573486,0.6000 0.6000 0.6000,True,ok
772,outputs/phase_b_mesh_qc/case_outputs/772/segmentation_repaired.stl,outputs/final_test_250_phaseb_traceable_v14/case_outputs/772/seg_mask_0.5.nii.gz,50,41,0.82,False,167.83304538407893,3.931609853674675,2.3425719557655347,0.30000197887420654,0.6000 0.6000 0.6000,True,ok
773,outputs/phase_b_mesh_qc/case_outputs/773/segmentation_repaired.stl,outputs/final_test_250_phaseb_traceable_v14/case_outputs/773/seg_mask_0.5.nii.gz,50,50,1.0,True,174.9388537780782,0.10643473228428905,0.06084110532661243,0.30000364780426025,0.6000 0.6000 0.6000,True,ok
774,outputs/phase_b_mesh_qc/case_outputs/774/segmentation_repaired.stl,outputs/final_test_250_phaseb_traceable_v14/case_outputs/774/seg_mask_0.5.nii.gz,50,50,1.0,True,172.29301726903356,0.14868144265012637,0.08629568685187167,0.30000340938568115,0.6000 0.6000 0.6000,True,ok
775,outputs/phase_b_mesh_qc/case_outputs/775/segmentation_repaired.stl,outputs/final_test_250_phaseb_traceable_v14/case_outputs/775/seg_mask_0.5.nii.gz,50,50,1.0,True,174.40402216166657,0.12209306316443154,0.07000587581131325,0.3000035285949707,0.6000 0.6000 0.6000,True,ok
776,outputs/phase_b_mesh_qc/case_outputs/776/segmentation_repaired.stl,outputs/final_test_250_phaseb_traceable_v14/case_outputs/776/seg_mask_0.5.nii.gz,50,48,0.96,False,168.38313865311815,0.09939106788408128,0.059026734315028015,0.3000025749206543,0.6000 0.6000 0.6000,True,ok
777,outputs/phase_b_mesh_qc/case_outputs/777/segmentation_repaired.stl,outputs/final_test_250_phaseb_traceable_v14/case_outputs/777/seg_mask_0.5.nii.gz,50,50,1.0,True,166.64237935439283,0.1470937093890024,0.08826908854690745,0.30000340938568115,0.6000 0.6000 0.6000,True,ok
778,outputs/phase_b_mesh_qc/case_outputs/778/segmentation_repaired.stl,outputs/final_test_250_phaseb_traceable_v14/case_outputs/778/seg_mask_0.5.nii.gz,47,47,1.0,True,164.26090008802967,0.1402392565287891,0.085375921143518,0.300006628036499,0.6000 0.6000 0.6000,True,ok
779,outputs/phase_b_mesh_qc/case_outputs/779/segmentation_repaired.stl,outputs/final_test_250_phaseb_traceable_v14/case_outputs/779/seg_mask_0.5.nii.gz,41,41,1.0,True,203.7545694442144,0.11383502163686691,0.05586869631801489,0.3000067472457886,0.6000 0.6000 0.6000,True,ok
780,outputs/phase_b_mesh_qc/case_outputs/780/segmentation_repaired.stl,outputs/final_test_250_phaseb_traceable_v14/case_outputs/780/seg_mask_0.5.nii.gz,50,50,1.0,True,177.6993083242722,0.12380508297519917,0.06967111135248491,0.30000340938568115,0.6000 0.6000 0.6000,True,ok
781,outputs/phase_b_mesh_qc/case_outputs/781/segmentation_repaired.stl,outputs/final_test_250_phaseb_traceable_v14/case_outputs/781/seg_mask_0.5.nii.gz,48,46,0.9583333333333334,False,167.49997568204347,0.1398667272539969,0.08350253585678047,0.30000531673431396,0.6000 0.6000 0.6000,True,ok
782,outputs/phase_b_mesh_qc/case_outputs/782/segmentation_repaired.stl,outputs/final_test_250_phaseb_traceable_v14/case_outputs/782/seg_mask_0.5.nii.gz,50,50,1.0,True,170.82834561428584,0.2414466598449056,0.1413387567365835,0.3000071048736572,0.6000 0.6000 0.6000,True,ok
783,outputs/phase_b_mesh_qc/case_outputs/783/segmentation_repaired.stl,outputs/final_test_250_phaseb_traceable_v14/case_outputs/783/seg_mask_0.5.nii.gz,50,40,0.8,False,157.58998531131655,0.12192178070019292,0.07736645222685842,0.30000460147857666,0.6000 0.6000 0.6000,True,ok
784,outputs/phase_b_mesh_qc/case_outputs/784/segmentation_repaired.stl,outputs/final_test_250_phaseb_traceable_v14/case_outputs/784/seg_mask_0.5.nii.gz,50,48,0.96,False,156.99491742405272,0.1349210151126975,0.08593973443628607,0.3000063896179199,0.6000 0.6000 0.6000,True,ok
785,outputs/phase_b_mesh_qc/case_outputs/785/segmentation_repaired.stl,outputs/final_test_250_phaseb_traceable_v14/case_outputs/785/seg_mask_0.5.nii.gz,48,48,1.0,True,150.44694101679124,0.07789366688064535,0.051774842581845316,0.300001859664917,0.6000 0.6000 0.6000,True,ok
786,outputs/phase_b_mesh_qc/case_outputs/786/segmentation_repaired.stl,outputs/final_test_250_phaseb_traceable_v14/case_outputs/786/seg_mask_0.5.nii.gz,50,36,0.72,False,161.02401709787466,4.625349439032444,2.87245935258281,0.3000071048736572,0.6000 0.6000 0.6000,True,ok
787,outputs/phase_b_mesh_qc/case_outputs/787/segmentation_repaired.stl,outputs/final_test_250_phaseb_traceable_v14/case_outputs/787/seg_mask_0.5.nii.gz,50,42,0.84,False,153.37601183718456,0.15165975382272076,0.0988810127516644,0.3000035285949707,0.6000 0.6000 0.6000,True,ok
788,outputs/phase_b_mesh_qc/case_outputs/788/segmentation_repaired.stl,outputs/final_test_250_phaseb_traceable_v14/case_outputs/788/seg_mask_0.5.nii.gz,50,49,0.98,False,178.54815321420986,0.136920675542413,0.07668557365482517,0.30000412464141846,0.6000 0.6000 0.6000,True,ok
789,outputs/phase_b_mesh_qc/case_outputs/789/segmentation_repaired.stl,outputs/final_test_250_phaseb_traceable_v14/case_outputs/789/seg_mask_0.5.nii.gz,46,44,0.9565217391304348,False,187.78082922200358,0.117483727371831,0.062564281912365,0.300006628036499,0.6000 0.6000 0.6000,True,ok
790,outputs/phase_b_mesh_qc/case_outputs/790/segmentation_repaired.stl,outputs/final_test_250_phaseb_traceable_v14/case_outputs/790/seg_mask_0.5.nii.gz,50,50,1.0,True,174.51132756059292,0.12754074115280337,0.07308450570838694,0.30000388622283936,0.6000 0.6000 0.6000,True,ok
791,outputs/phase_b_mesh_qc/case_outputs/791/segmentation_repaired.stl,outputs/final_test_250_phaseb_traceable_v14/case_outputs/791/seg_mask_0.5.nii.gz,50,50,1.0,True,171.7656676789657,0.14254513325509727,0.08298814028512243,0.30000412464141846,0.6000 0.6000 0.6000,True,ok
792,outputs/phase_b_mesh_qc/case_outputs/792/segmentation_repaired.stl,outputs/final_test_250_phaseb_traceable_v14/case_outputs/792/seg_mask_0.5.nii.gz,50,48,0.96,False,172.10380864691857,0.13395493921325036,0.07783380290442443,0.3000068664550781,0.6000 0.6000 0.6000,True,ok
793,outputs/phase_b_mesh_qc/case_outputs/793/segmentation_repaired.stl,outputs/final_test_250_phaseb_traceable_v14/case_outputs/793/seg_mask_0.5.nii.gz,50,49,0.98,False,151.3487390955264,0.20282267843612573,0.1340101540641912,0.3000013828277588,0.6000 0.6000 0.6000,True,ok
794,outputs/phase_b_mesh_qc/case_outputs/794/segmentation_repaired.stl,outputs/final_test_250_phaseb_traceable_v14/case_outputs/794/seg_mask_0.5.nii.gz,42,42,1.0,True,197.50301473166058,0.12705594660284206,0.0643311428817772,0.30000197887420654,0.6000 0.6000 0.6000,True,ok
795,outputs/phase_b_mesh_qc/case_outputs/795/segmentation_repaired.stl,outputs/final_test_250_phaseb_traceable_v14/case_outputs/795/seg_mask_0.5.nii.gz,50,48,0.96,False,170.4253547730797,0.1340632680201998,0.07866392192564552,0.3000032901763916,0.6000 0.6000 0.6000,True,ok
796,outputs/phase_b_mesh_qc/case_outputs/796/segmentation_repaired.stl,outputs/final_test_250_phaseb_traceable_v14/case_outputs/796/seg_mask_0.5.nii.gz,48,48,1.0,True,194.35648300275201,0.1408149079621545,0.0724518708028693,0.30000340938568115,0.6000 0.6000 0.6000,True,ok
797,outputs/phase_b_mesh_qc/case_outputs/797/segmentation_repaired.stl,outputs/final_test_250_phaseb_traceable_v14/case_outputs/797/seg_mask_0.5.nii.gz,50,50,1.0,True,155.96655070058867,0.11586530155499096,0.07428855804948802,0.3000071048736572,0.6000 0.6000 0.6000,True,ok
798,outputs/phase_b_mesh_qc/case_outputs/798/segmentation_repaired.stl,outputs/final_test_250_phaseb_traceable_v14/case_outputs/798/seg_mask_0.5.nii.gz,39,37,0.9487179487179487,False,253.74983073352044,1.9298478262504573,0.7605316703746372,0.30000221729278564,0.6000 0.6000 0.6000,True,ok
799,outputs/phase_b_mesh_qc/case_outputs/799/segmentation_repaired.stl,outputs/final_test_250_phaseb_traceable_v14/case_outputs/799/seg_mask_0.5.nii.gz,45,36,0.8,False,194.02278817666803,0.14285802929165178,0.07362951055088023,0.30000126361846924,0.6000 0.6000 0.6000,True,ok
800,outputs/phase_b_mesh_qc/case_outputs/800/segmentation_repaired.stl,outputs/final_test_250_phaseb_traceable_v14/case_outputs/800/seg_mask_0.5.nii.gz,47,47,1.0,True,221.8045144167757,0.15189422791022764,0.06848112551253802,0.30000054836273193,0.6000 0.6000 0.6000,True,ok
801,outputs/phase_b_mesh_qc/case_outputs/801/segmentation_repaired.stl,outputs/final_test_250_phaseb_traceable_v14/case_outputs/801/seg_mask_0.5.nii.gz,50,50,1.0,True,173.86548392434162,0.08169145733011368,0.046985436951742586,0.3000204563140869,0.6000 0.6000 0.6000,True,ok
802,outputs/phase_b_mesh_qc/case_outputs/802/segmentation_repaired.stl,outputs/final_test_250_phaseb_traceable_v14/case_outputs/802/seg_mask_0.5.nii.gz,48,46,0.9583333333333334,False,184.5582872669929,0.07161948418648535,0.03880588904841557,0.300006628036499,0.6000 0.6000 0.6000,True,ok
803,outputs/phase_b_mesh_qc/case_outputs/803/segmentation_repaired.stl,outputs/final_test_250_phaseb_traceable_v14/case_outputs/803/seg_mask_0.5.nii.gz,39,39,1.0,True,256.3208177629206,0.2577172357685969,0.10054479305187293,0.30000150203704834,0.6000 0.6000 0.6000,True,ok
804,outputs/phase_b_mesh_qc/case_outputs/804/segmentation_repaired.stl,outputs/final_test_250_phaseb_traceable_v14/case_outputs/804/seg_mask_0.5.nii.gz,50,48,0.96,False,166.79784960561315,0.082399814003433,0.049401004987932436,0.3000040054321289,0.6000 0.6000 0.6000,True,ok
805,outputs/phase_b_mesh_qc/case_outputs/805/segmentation_repaired.stl,outputs/final_test_250_phaseb_traceable_v14/case_outputs/805/seg_mask_0.5.nii.gz,50,50,1.0,True,167.306443887232,0.12234514165283936,0.07312637744861908,0.300006628036499,0.6000 0.6000 0.6000,True,ok
806,outputs/phase_b_mesh_qc/case_outputs/806/segmentation_repaired.stl,outputs/final_test_250_phaseb_traceable_v14/case_outputs/806/seg_mask_0.5.nii.gz,47,45,0.9574468085106383,False,172.85521313147126,0.15892835601158992,0.09194305056377514,0.3000061511993408,0.6000 0.6000 0.6000,True,ok
807,outputs/phase_b_mesh_qc/case_outputs/807/segmentation_repaired.stl,outputs/final_test_250_phaseb_traceable_v14/case_outputs/807/seg_mask_0.5.nii.gz,47,45,0.9574468085106383,False,197.75257796313176,0.1568061095364506,0.07929409120809791,0.3000074625015259,0.6000 0.6000 0.6000,True,ok
808,outputs/phase_b_mesh_qc/case_outputs/808/segmentation_repaired.stl,outputs/final_test_250_phaseb_traceable_v14/case_outputs/808/seg_mask_0.5.nii.gz,29,29,1.0,True,274.6894568567981,4.043618280267273,1.4720689780151641,0.30000555515289307,0.6000 0.6000 0.6000,True,ok
809,outputs/phase_b_mesh_qc/case_outputs/809/segmentation_repaired.stl,outputs/final_test_250_phaseb_traceable_v14/case_outputs/809/seg_mask_0.5.nii.gz,43,34,0.7906976744186046,False,117.78047914223922,0.16991248010034368,0.14426200448305745,0.30000340938568115,0.6000 0.6000 0.6000,True,ok
810,outputs/phase_b_mesh_qc/case_outputs/810/segmentation_repaired.stl,outputs/final_test_250_phaseb_traceable_v14/case_outputs/810/seg_mask_0.5.nii.gz,49,49,1.0,True,196.58587116685624,0.1732919205544341,0.08815075036971964,0.30000293254852295,0.6000 0.6000 0.6000,True,ok
811,outputs/phase_b_mesh_qc/case_outputs/811/segmentation_repaired.stl,outputs/final_test_250_phaseb_traceable_v14/case_outputs/811/seg_mask_0.5.nii.gz,50,50,1.0,True,160.54233514908813,0.12302412652136778,0.07663033330561753,0.30000507831573486,0.6000 0.6000 0.6000,True,ok
812,outputs/phase_b_mesh_qc/case_outputs/812/segmentation_repaired.stl,outputs/final_test_250_phaseb_traceable_v14/case_outputs/812/seg_mask_0.5.nii.gz,40,40,1.0,True,230.36720254436906,0.18873964877263966,0.08192991306403008,0.30002009868621826,0.6000 0.6000 0.6000,True,ok
813,outputs/phase_b_mesh_qc/case_outputs/813/segmentation_repaired.stl,outputs/final_test_250_phaseb_traceable_v14/case_outputs/813/seg_mask_0.5.nii.gz,50,48,0.96,False,167.21173096895137,0.10654338112163836,0.06371764738289912,0.300006628036499,0.6000 0.6000 0.6000,True,ok
814,outputs/phase_b_mesh_qc/case_outputs/814/segmentation_repaired.stl,outputs/final_test_250_phaseb_traceable_v14/case_outputs/814/seg_mask_0.5.nii.gz,41,41,1.0,True,217.42364772074794,0.09642901140567854,0.04435074676399916,0.3000063896179199,0.6000 0.6000 0.6000,True,ok
815,outputs/phase_b_mesh_qc/case_outputs/815/segmentation_repaired.stl,outputs/final_test_250_phaseb_traceable_v14/case_outputs/815/seg_mask_0.5.nii.gz,50,50,1.0,True,174.43600550613806,0.13571020232027695,0.07779942101202356,0.3000067472457886,0.6000 0.6000 0.6000,True,ok
816,outputs/phase_b_mesh_qc/case_outputs/816/segmentation_repaired.stl,outputs/final_test_250_phaseb_traceable_v14/case_outputs/816/seg_mask_0.5.nii.gz,38,38,1.0,True,176.96136128648763,0.11221536897524473,0.0634123563242578,0.30000627040863037,0.6000 0.6000 0.6000,True,ok
817,outputs/phase_b_mesh_qc/case_outputs/817/segmentation_repaired.stl,outputs/final_test_250_phaseb_traceable_v14/case_outputs/817/seg_mask_0.5.nii.gz,44,42,0.9545454545454546,False,175.6842668761427,0.09100849754800312,0.051802303738537996,0.3000028133392334,0.6000 0.6000 0.6000,True,ok
818,outputs/phase_b_mesh_qc/case_outputs/818/segmentation_repaired.stl,outputs/final_test_250_phaseb_traceable_v14/case_outputs/818/seg_mask_0.5.nii.gz,47,47,1.0,True,212.2321422319205,0.21154847655739598,0.09967786892817704,0.30000317096710205,0.6000 0.6000 0.6000,True,ok
819,outputs/phase_b_mesh_qc/case_outputs/819/segmentation_repaired.stl,outputs/final_test_250_phaseb_traceable_v14/case_outputs/819/seg_mask_0.5.nii.gz,47,45,0.9574468085106383,False,190.43739605191251,0.10064512556333069,0.052849454807655113,0.29999983310699463,0.6000 0.6000 0.6000,True,ok
820,outputs/phase_b_mesh_qc/case_outputs/820/segmentation_repaired.stl,outputs/final_test_250_phaseb_traceable_v14/case_outputs/820/seg_mask_0.5.nii.gz,45,45,1.0,True,178.68017219176537,0.1615756953072338,0.09042732236334848,0.30000627040863037,0.6000 0.6000 0.6000,True,ok
821,outputs/phase_b_mesh_qc/case_outputs/821/segmentation_repaired.stl,outputs/final_test_250_phaseb_traceable_v14/case_outputs/821/seg_mask_0.5.nii.gz,40,40,1.0,True,205.51839789141246,6.15318018757825,2.9939802230403423,0.3000054359436035,0.6000 0.6000 0.6000,True,ok
822,outputs/phase_b_mesh_qc/case_outputs/822/segmentation_repaired.stl,outputs/final_test_250_phaseb_traceable_v14/case_outputs/822/seg_mask_0.5.nii.gz,37,37,1.0,True,242.6896251332944,0.1211363982288016,0.04991412309540173,0.30000197887420654,0.6000 0.6000 0.6000,True,ok
823,outputs/phase_b_mesh_qc/case_outputs/823/segmentation_repaired.stl,outputs/final_test_250_phaseb_traceable_v14/case_outputs/823/seg_mask_0.5.nii.gz,50,48,0.96,False,162.38399070604882,0.07909134316745169,0.04870636743410539,0.3000040054321289,0.6000 0.6000 0.6000,True,ok
824,outputs/phase_b_mesh_qc/case_outputs/824/segmentation_repaired.stl,outputs/final_test_250_phaseb_traceable_v14/case_outputs/824/seg_mask_0.5.nii.gz,46,46,1.0,True,173.66243707354698,0.14840749701508074,0.08545745384894568,0.3000072240829468,0.6000 0.6000 0.6000,True,ok
825,outputs/phase_b_mesh_qc/case_outputs/825/segmentation_repaired.stl,outputs/final_test_250_phaseb_traceable_v14/case_outputs/825/seg_mask_0.5.nii.gz,38,38,1.0,True,177.63851906997726,0.10168777597710348,0.057244215111388955,0.30000388622283936,0.6000 0.6000 0.6000,True,ok
826,outputs/phase_b_mesh_qc/case_outputs/826/segmentation_repaired.stl,outputs/final_test_250_phaseb_traceable_v14/case_outputs/826/seg_mask_0.5.nii.gz,42,1,0.023809523809523808,False,204.39316196537362,0.1743984052675347,0.08532497055702855,0.30000579357147217,0.6000 0.6000 0.6000,True,ok
827,outputs/phase_b_mesh_qc/case_outputs/827/segmentation_repaired.stl,outputs/final_test_250_phaseb_traceable_v14/case_outputs/827/seg_mask_0.5.nii.gz,41,41,1.0,True,214.11428046817218,0.13594505402723692,0.06349182022328725,0.300006628036499,0.6000 0.6000 0.6000,True,ok
828,outputs/phase_b_mesh_qc/case_outputs/828/segmentation_repaired.stl,outputs/final_test_250_phaseb_traceable_v14/case_outputs/828/seg_mask_0.5.nii.gz,46,45,0.9782608695652174,False,182.6327520096778,0.18417047387174398,0.10084197486220035,0.3000032901763916,0.6000 0.6000 0.6000,True,ok
829,outputs/phase_b_mesh_qc/case_outputs/829/segmentation_repaired.stl,outputs/final_test_250_phaseb_traceable_v14/case_outputs/829/seg_mask_0.5.nii.gz,42,40,0.9523809523809523,False,231.49895350308316,0.1120592075888905,0.04840592404120655,0.30000388622283936,0.6000 0.6000 0.6000,True,ok
830,outputs/phase_b_mesh_qc/case_outputs/830/segmentation_repaired.stl,outputs/final_test_250_phaseb_traceable_v14/case_outputs/830/seg_mask_0.5.nii.gz,48,46,0.9583333333333334,False,179.64065506218827,0.13197482678951256,0.07346601288212032,0.30000579357147217,0.6000 0.6000 0.6000,True,ok
831,outputs/phase_b_mesh_qc/case_outputs/831/segmentation_repaired.stl,outputs/final_test_250_phaseb_traceable_v14/case_outputs/831/seg_mask_0.5.nii.gz,50,50,1.0,True,183.7087989747356,0.16089899978348102,0.0875837198225919,0.30000340938568115,0.6000 0.6000 0.6000,True,ok
832,outputs/phase_b_mesh_qc/case_outputs/832/segmentation_repaired.stl,outputs/final_test_250_phaseb_traceable_v14/case_outputs/832/seg_mask_0.5.nii.gz,50,49,0.98,False,177.84309174314856,0.11073831548625113,0.06226742596568547,0.3000037670135498,0.6000 0.6000 0.6000,True,ok
833,outputs/phase_b_mesh_qc/case_outputs/833/segmentation_repaired.stl,outputs/final_test_250_phaseb_traceable_v14/case_outputs/833/seg_mask_0.5.nii.gz,50,48,0.96,False,168.54020962092042,0.11769298808349071,0.06983080675418941,0.3000044822692871,0.6000 0.6000 0.6000,True,ok
834,outputs/phase_b_mesh_qc/case_outputs/834/segmentation_repaired.stl,outputs/final_test_250_phaseb_traceable_v14/case_outputs/834/seg_mask_0.5.nii.gz,50,50,1.0,True,177.01933589984273,0.16598670182782266,0.09376755425279511,0.30000579357147217,0.6000 0.6000 0.6000,True,ok
835,outputs/phase_b_mesh_qc/case_outputs/835/segmentation_repaired.stl,outputs/final_test_250_phaseb_traceable_v14/case_outputs/835/seg_mask_0.5.nii.gz,49,49,1.0,True,166.08841096822493,0.15986233710460923,0.09625134961113763,0.3000071048736572,0.6000 0.6000 0.6000,True,ok
836,outputs/phase_b_mesh_qc/case_outputs/836/segmentation_repaired.stl,outputs/final_test_250_phaseb_traceable_v14/case_outputs/836/seg_mask_0.5.nii.gz,50,48,0.96,False,171.15677643315237,0.16782371711595132,0.09805262789667997,0.30001258850097656,0.6000 0.6000 0.6000,True,ok
837,outputs/phase_b_mesh_qc/case_outputs/837/segmentation_repaired.stl,outputs/final_test_250_phaseb_traceable_v14/case_outputs/837/seg_mask_0.5.nii.gz,50,48,0.96,False,163.13381299575948,0.13349840420917378,0.08183368104848009,0.30000317096710205,0.6000 0.6000 0.6000,True,ok
838,outputs/phase_b_mesh_qc/case_outputs/838/segmentation_repaired.stl,outputs/final_test_250_phaseb_traceable_v14/case_outputs/838/seg_mask_0.5.nii.gz,50,50,1.0,True,157.54085229450132,0.13105317357623272,0.08318678721583056,0.300001859664917,0.6000 0.6000 0.6000,True,ok
839,outputs/phase_b_mesh_qc/case_outputs/839/segmentation_repaired.stl,outputs/final_test_250_phaseb_traceable_v14/case_outputs/839/seg_mask_0.5.nii.gz,50,50,1.0,True,176.3887804732239,0.10549367164534772,0.0598074726534899,0.30000364780426025,0.6000 0.6000 0.6000,True,ok
840,outputs/phase_b_mesh_qc/case_outputs/840/segmentation_repaired.stl,outputs/final_test_250_phaseb_traceable_v14/case_outputs/840/seg_mask_0.5.nii.gz,47,47,1.0,True,178.17272961988385,0.11356815093117201,0.0637404787890155,0.3000035285949707,0.6000 0.6000 0.6000,True,ok
841,outputs/phase_b_mesh_qc/case_outputs/841/segmentation_repaired.stl,outputs/final_test_250_phaseb_traceable_v14/case_outputs/841/seg_mask_0.5.nii.gz,50,50,1.0,True,151.90079039619346,0.16287104474493408,0.10722198635051705,0.30005013942718506,0.6000 0.6000 0.6000,True,ok
842,outputs/phase_b_mesh_qc/case_outputs/842/segmentation_repaired.stl,outputs/final_test_250_phaseb_traceable_v14/case_outputs/842/seg_mask_0.5.nii.gz,50,40,0.8,False,175.15993594018425,0.13510005669163505,0.07712954219038459,0.30000340938568115,0.6000 0.6000 0.6000,True,ok
843,outputs/phase_b_mesh_qc/case_outputs/843/segmentation_repaired.stl,outputs/final_test_250_phaseb_traceable_v14/case_outputs/843/seg_mask_0.5.nii.gz,50,50,1.0,True,160.4526177273311,0.18080568131919644,0.11268478126449318,0.30000627040863037,0.6000 0.6000 0.6000,True,ok
844,outputs/phase_b_mesh_qc/case_outputs/844/segmentation_repaired.stl,outputs/final_test_250_phaseb_traceable_v14/case_outputs/844/seg_mask_0.5.nii.gz,37,37,1.0,True,228.67008103397177,0.13413207758625284,0.05865746711583395,0.30000579357147217,0.6000 0.6000 0.6000,True,ok
845,outputs/phase_b_mesh_qc/case_outputs/845/segmentation_repaired.stl,outputs/final_test_250_phaseb_traceable_v14/case_outputs/845/seg_mask_0.5.nii.gz,44,43,0.9772727272727273,False,219.56413930956936,3.970165396182097,1.8082030192482639,0.3000037670135498,0.6000 0.6000 0.6000,True,ok
846,outputs/phase_b_mesh_qc/case_outputs/846/segmentation_repaired.stl,outputs/final_test_250_phaseb_traceable_v14/case_outputs/846/seg_mask_0.5.nii.gz,50,41,0.82,False,169.33718783870185,0.1345965742973148,0.07948435663495346,0.30000758171081543,0.6000 0.6000 0.6000,True,ok
847,outputs/phase_b_mesh_qc/case_outputs/847/segmentation_repaired.stl,outputs/final_test_250_phaseb_traceable_v14/case_outputs/847/seg_mask_0.5.nii.gz,42,42,1.0,True,213.2137029606401,0.13057528054918915,0.061241504995245895,0.300001859664917,0.6000 0.6000 0.6000,True,ok
848,outputs/phase_b_mesh_qc/case_outputs/848/segmentation_repaired.stl,outputs/final_test_250_phaseb_traceable_v14/case_outputs/848/seg_mask_0.5.nii.gz,32,31,0.96875,False,195.94020275591828,0.09295524622575177,0.04744061959634984,0.3000059127807617,0.6000 0.6000 0.6000,True,ok
849,outputs/phase_b_mesh_qc/case_outputs/849/segmentation_repaired.stl,outputs/final_test_250_phaseb_traceable_v14/case_outputs/849/seg_mask_0.5.nii.gz,48,38,0.7916666666666666,False,176.68141629886208,0.1049404747758745,0.059395309916671954,0.3000037670135498,0.6000 0.6000 0.6000,True,ok
850,outputs/phase_b_mesh_qc/case_outputs/850/segmentation_repaired.stl,outputs/final_test_250_phaseb_traceable_v14/case_outputs/850/seg_mask_0.5.nii.gz,40,40,1.0,True,192.24266430574193,0.16273965988441863,0.08465324826418248,0.30000126361846924,0.6000 0.6000 0.6000,True,ok
851,outputs/phase_b_mesh_qc/case_outputs/851/segmentation_repaired.stl,outputs/final_test_250_phaseb_traceable_v14/case_outputs/851/seg_mask_0.5.nii.gz,50,50,1.0,True,172.05988040347498,0.11285378554156754,0.06558983144526719,0.30000340938568115,0.6000 0.6000 0.6000,True,ok
852,outputs/phase_b_mesh_qc/case_outputs/852/segmentation_repaired.stl,outputs/final_test_250_phaseb_traceable_v14/case_outputs/852/seg_mask_0.5.nii.gz,49,47,0.9591836734693877,False,217.8132299477212,0.1823415068277969,0.08371461498071622,0.3000054359436035,0.6000 0.6000 0.6000,True,ok
853,outputs/phase_b_mesh_qc/case_outputs/853/segmentation_repaired.stl,outputs/final_test_250_phaseb_traceable_v14/case_outputs/853/seg_mask_0.5.nii.gz,43,41,0.9534883720930233,False,171.15151507378206,0.13569260974717215,0.07928215516449044,0.3000030517578125,0.6000 0.6000 0.6000,True,ok
854,outputs/phase_b_mesh_qc/case_outputs/854/segmentation_repaired.stl,outputs/final_test_250_phaseb_traceable_v14/case_outputs/854/seg_mask_0.5.nii.gz,47,38,0.8085106382978723,False,166.28771196157024,0.13287503195943934,0.07990670530733342,0.30000221729278564,0.6000 0.6000 0.6000,True,ok
855,outputs/phase_b_mesh_qc/case_outputs/855/segmentation_repaired.stl,outputs/final_test_250_phaseb_traceable_v14/case_outputs/855/seg_mask_0.5.nii.gz,47,46,0.9787234042553191,False,236.657605559455,2.651783842857571,1.120514946726007,0.30000150203704834,0.6000 0.6000 0.6000,True,ok
856,outputs/phase_b_mesh_qc/case_outputs/856/segmentation_repaired.stl,outputs/final_test_250_phaseb_traceable_v14/case_outputs/856/seg_mask_0.5.nii.gz,40,40,1.0,True,243.0638886564829,3.03869737188475,1.2501640571460113,0.30000364780426025,0.6000 0.6000 0.6000,True,ok
857,outputs/phase_b_mesh_qc/case_outputs/857/segmentation_repaired.stl,outputs/final_test_250_phaseb_traceable_v14/case_outputs/857/seg_mask_0.5.nii.gz,48,39,0.8125,False,190.9377014059207,0.07484078657280539,0.03919644262067391,0.30000460147857666,0.6000 0.6000 0.6000,True,ok
858,outputs/phase_b_mesh_qc/case_outputs/858/segmentation_repaired.stl,outputs/final_test_250_phaseb_traceable_v14/case_outputs/858/seg_mask_0.5.nii.gz,49,49,1.0,True,170.7429716175646,0.13363716234174142,0.07826803122594474,0.30000627040863037,0.6000 0.6000 0.6000,True,ok
859,outputs/phase_b_mesh_qc/case_outputs/859/segmentation_repaired.stl,outputs/final_test_250_phaseb_traceable_v14/case_outputs/859/seg_mask_0.5.nii.gz,50,50,1.0,True,203.16625232699192,0.15552691973086277,0.07655155221377288,0.3000065088272095,0.6000 0.6000 0.6000,True,ok
860,outputs/phase_b_mesh_qc/case_outputs/860/segmentation_repaired.stl,outputs/final_test_250_phaseb_traceable_v14/case_outputs/860/seg_mask_0.5.nii.gz,41,41,1.0,True,204.98058814685072,0.1944992863028103,0.09488668564238313,0.30000317096710205,0.6000 0.6000 0.6000,True,ok
861,outputs/phase_b_mesh_qc/case_outputs/861/segmentation_repaired.stl,outputs/final_test_250_phaseb_traceable_v14/case_outputs/861/seg_mask_0.5.nii.gz,30,30,1.0,True,208.3194962452368,2.235587690419087,1.0731533681261018,0.3000020980834961,0.6000 0.6000 0.6000,True,ok
862,outputs/phase_b_mesh_qc/case_outputs/862/segmentation_repaired.stl,outputs/final_test_250_phaseb_traceable_v14/case_outputs/862/seg_mask_0.5.nii.gz,44,35,0.7954545454545454,False,227.48622899224748,0.09033812468442257,0.03971146960614535,0.3000063896179199,0.6000 0.6000 0.6000,True,ok
863,outputs/phase_b_mesh_qc/case_outputs/863/segmentation_repaired.stl,outputs/final_test_250_phaseb_traceable_v14/case_outputs/863/seg_mask_0.5.nii.gz,46,45,0.9782608695652174,False,205.96087952485914,0.08238059173173573,0.039998174372620376,0.30000627040863037,0.6000 0.6000 0.6000,True,ok
864,outputs/phase_b_mesh_qc/case_outputs/864/segmentation_repaired.stl,outputs/final_test_250_phaseb_traceable_v14/case_outputs/864/seg_mask_0.5.nii.gz,50,50,1.0,True,184.72011797049169,0.13973126975807368,0.07564485736220415,0.30000340938568115,0.6000 0.6000 0.6000,True,ok
865,outputs/phase_b_mesh_qc/case_outputs/865/segmentation_repaired.stl,outputs/final_test_250_phaseb_traceable_v14/case_outputs/865/seg_mask_0.5.nii.gz,46,46,1.0,True,192.84844245865222,0.06973076435930167,0.03615832384762575,0.30000317096710205,0.6000 0.6000 0.6000,True,ok
866,outputs/phase_b_mesh_qc/case_outputs/866/segmentation_repaired.stl,outputs/final_test_250_phaseb_traceable_v14/case_outputs/866/seg_mask_0.5.nii.gz,46,44,0.9565217391304348,False,197.97818896989733,0.10824675314531718,0.05467610028586338,0.3000025749206543,0.6000 0.6000 0.6000,True,ok
867,outputs/phase_b_mesh_qc/case_outputs/867/segmentation_repaired.stl,outputs/final_test_250_phaseb_traceable_v14/case_outputs/867/seg_mask_0.5.nii.gz,41,41,1.0,True,194.10834506695946,4.556903979612808,2.3476084853749395,0.30000030994415283,0.6000 0.6000 0.6000,True,ok
868,outputs/phase_b_mesh_qc/case_outputs/868/segmentation_repaired.stl,outputs/final_test_250_phaseb_traceable_v14/case_outputs/868/seg_mask_0.5.nii.gz,32,32,1.0,True,208.63119369757075,2.136201823519272,1.023912956475667,0.3000040054321289,0.6000 0.6000 0.6000,True,ok
869,outputs/phase_b_mesh_qc/case_outputs/869/segmentation_repaired.stl,outputs/final_test_250_phaseb_traceable_v14/case_outputs/869/seg_mask_0.5.nii.gz,42,40,0.9523809523809523,False,195.66625109202224,0.1762126241007797,0.0900577504384783,0.3000051975250244,0.6000 0.6000 0.6000,True,ok
870,outputs/phase_b_mesh_qc/case_outputs/870/segmentation_repaired.stl,outputs/final_test_250_phaseb_traceable_v14/case_outputs/870/seg_mask_0.5.nii.gz,37,37,1.0,True,183.96361791747108,4.319588653329536,2.3480668092032033,0.30000340938568115,0.6000 0.6000 0.6000,True,ok
871,outputs/phase_b_mesh_qc/case_outputs/871/segmentation_repaired.stl,outputs/final_test_250_phaseb_traceable_v14/case_outputs/871/seg_mask_0.5.nii.gz,50,48,0.96,False,165.15701953130505,0.14262576596991686,0.08635767730289086,0.3000013828277588,0.6000 0.6000 0.6000,True,ok
872,outputs/phase_b_mesh_qc/case_outputs/872/segmentation_repaired.stl,outputs/final_test_250_phaseb_traceable_v14/case_outputs/872/seg_mask_0.5.nii.gz,45,0,0.0,False,186.22535195595853,0.15867224389669643,0.0852044269108009,0.30000221729278564,0.6000 0.6000 0.6000,True,ok
873,outputs/phase_b_mesh_qc/case_outputs/873/segmentation_repaired.stl,outputs/final_test_250_phaseb_traceable_v14/case_outputs/873/seg_mask_0.5.nii.gz,43,43,1.0,True,234.96302817317235,6.948222532720225,2.9571556796583542,0.30000340938568115,0.6000 0.6000 0.6000,True,ok
874,outputs/phase_b_mesh_qc/case_outputs/874/segmentation_repaired.stl,outputs/final_test_250_phaseb_traceable_v14/case_outputs/874/seg_mask_0.5.nii.gz,50,50,1.0,True,169.99494540363233,0.15881948237138535,0.09342600275219232,0.3000061511993408,0.6000 0.6000 0.6000,True,ok
875,outputs/phase_b_mesh_qc/case_outputs/875/segmentation_repaired.stl,outputs/final_test_250_phaseb_traceable_v14/case_outputs/875/seg_mask_0.5.nii.gz,47,45,0.9574468085106383,False,168.32326811014673,0.12022828173296608,0.07142701248783476,0.30000174045562744,0.6000 0.6000 0.6000,True,ok
876,outputs/phase_b_mesh_qc/case_outputs/876/segmentation_repaired.stl,outputs/final_test_250_phaseb_traceable_v14/case_outputs/876/seg_mask_0.5.nii.gz,42,42,1.0,True,186.51992114936482,0.13663700821960623,0.07325598647995758,0.30000269412994385,0.6000 0.6000 0.6000,True,ok
877,outputs/phase_b_mesh_qc/case_outputs/877/segmentation_repaired.stl,outputs/final_test_250_phaseb_traceable_v14/case_outputs/877/seg_mask_0.5.nii.gz,44,43,0.9772727272727273,False,187.08073701117542,0.0924952938295393,0.049441377721327895,0.300004243850708,0.6000 0.6000 0.6000,True,ok
878,outputs/phase_b_mesh_qc/case_outputs/878/segmentation_repaired.stl,outputs/final_test_250_phaseb_traceable_v14/case_outputs/878/seg_mask_0.5.nii.gz,49,49,1.0,True,166.59916133509293,0.16926468285490195,0.1015999609472509,0.30000483989715576,0.6000 0.6000 0.6000,True,ok
879,outputs/phase_b_mesh_qc/case_outputs/879/segmentation_repaired.stl,outputs/final_test_250_phaseb_traceable_v14/case_outputs/879/seg_mask_0.5.nii.gz,50,50,1.0,True,194.11277195980048,0.1617311394042353,0.08331813397509402,0.30004966259002686,0.6000 0.6000 0.6000,True,ok
880,outputs/phase_b_mesh_qc/case_outputs/880/segmentation_repaired.stl,outputs/final_test_250_phaseb_traceable_v14/case_outputs/880/seg_mask_0.5.nii.gz,50,50,1.0,True,164.7489085796601,0.14122331453164774,0.0857203339003383,0.3000030517578125,0.6000 0.6000 0.6000,True,ok
881,outputs/phase_b_mesh_qc/case_outputs/881/segmentation_repaired.stl,outputs/final_test_250_phaseb_traceable_v14/case_outputs/881/seg_mask_0.5.nii.gz,50,50,1.0,True,173.4757674434856,0.16583941171262473,0.09559802741132209,0.30000412464141846,0.6000 0.6000 0.6000,True,ok
882,outputs/phase_b_mesh_qc/case_outputs/882/segmentation_repaired.stl,outputs/final_test_250_phaseb_traceable_v14/case_outputs/882/seg_mask_0.5.nii.gz,49,0,0.0,False,186.6733092130708,0.13420058658336353,0.07189061315144182,0.30000388622283936,0.6000 0.6000 0.6000,True,ok
883,outputs/phase_b_mesh_qc/case_outputs/883/segmentation_repaired.stl,outputs/final_test_250_phaseb_traceable_v14/case_outputs/883/seg_mask_0.5.nii.gz,47,47,1.0,True,182.81992084297428,0.13215933048136838,0.07228934892433371,0.3000063896179199,0.6000 0.6000 0.6000,True,ok
884,outputs/phase_b_mesh_qc/case_outputs/884/segmentation_repaired.stl,outputs/final_test_250_phaseb_traceable_v14/case_outputs/884/seg_mask_0.5.nii.gz,50,50,1.0,True,154.2676954480875,0.15144744035842733,0.09817184337818205,0.30000102519989014,0.6000 0.6000 0.6000,True,ok
885,outputs/phase_b_mesh_qc/case_outputs/885/segmentation_repaired.stl,outputs/final_test_250_phaseb_traceable_v14/case_outputs/885/seg_mask_0.5.nii.gz,48,48,1.0,True,193.964332878223,0.12107468421300392,0.062421107229553636,0.3000032901763916,0.6000 0.6000 0.6000,True,ok
886,outputs/phase_b_mesh_qc/case_outputs/886/segmentation_repaired.stl,outputs/final_test_250_phaseb_traceable_v14/case_outputs/886/seg_mask_0.5.nii.gz,50,48,0.96,False,167.26338544850265,0.14730050363519323,0.08806500193704639,0.30000078678131104,0.6000 0.6000 0.6000,True,ok
887,outputs/phase_b_mesh_qc/case_outputs/887/segmentation_repaired.stl,outputs/final_test_250_phaseb_traceable_v14/case_outputs/887/seg_mask_0.5.nii.gz,38,30,0.7894736842105263,False,225.91973301188264,0.22983460535532863,0.1017328598486083,0.30000317096710205,0.6000 0.6000 0.6000,True,ok
888,outputs/phase_b_mesh_qc/case_outputs/888/segmentation_repaired.stl,outputs/final_test_250_phaseb_traceable_v14/case_outputs/888/seg_mask_0.5.nii.gz,50,49,0.98,False,171.41949103333604,0.06789768010030961,0.039609078110671506,0.300001859664917,0.6000 0.6000 0.6000,True,ok
889,outputs/phase_b_mesh_qc/case_outputs/889/segmentation_repaired.stl,outputs/final_test_250_phaseb_traceable_v14/case_outputs/889/seg_mask_0.5.nii.gz,50,48,0.96,False,167.21818714244608,0.16643047623479532,0.09952893227637988,0.30000150203704834,0.6000 0.6000 0.6000,True,ok
890,outputs/phase_b_mesh_qc/case_outputs/890/segmentation_repaired.stl,outputs/final_test_250_phaseb_traceable_v14/case_outputs/890/seg_mask_0.5.nii.gz,50,50,1.0,True,155.56209083291893,0.12510038564349443,0.08041829791157679,0.3000074625015259,0.6000 0.6000 0.6000,True,ok
891,outputs/phase_b_mesh_qc/case_outputs/891/segmentation_repaired.stl,outputs/final_test_250_phaseb_traceable_v14/case_outputs/891/seg_mask_0.5.nii.gz,50,50,1.0,True,159.60790398895404,0.1090137002753473,0.06830094096273064,0.3000030517578125,0.6000 0.6000 0.6000,True,ok
892,outputs/phase_b_mesh_qc/case_outputs/892/segmentation_repaired.stl,outputs/final_test_250_phaseb_traceable_v14/case_outputs/892/seg_mask_0.5.nii.gz,48,46,0.9583333333333334,False,190.35894020675377,0.14531143007801434,0.07633549016410147,0.30000734329223633,0.6000 0.6000 0.6000,True,ok
893,outputs/phase_b_mesh_qc/case_outputs/893/segmentation_repaired.stl,outputs/final_test_250_phaseb_traceable_v14/case_outputs/893/seg_mask_0.5.nii.gz,39,39,1.0,True,219.29734420107596,0.1370357796072675,0.06248857235663466,0.30000579357147217,0.6000 0.6000 0.6000,True,ok
894,outputs/phase_b_mesh_qc/case_outputs/894/segmentation_repaired.stl,outputs/final_test_250_phaseb_traceable_v14/case_outputs/894/seg_mask_0.5.nii.gz,48,46,0.9583333333333334,False,195.23247936640976,0.18729597042683888,0.0959348419047244,0.3000054359436035,0.6000 0.6000 0.6000,True,ok
895,outputs/phase_b_mesh_qc/case_outputs/895/segmentation_repaired.stl,outputs/final_test_250_phaseb_traceable_v14/case_outputs/895/seg_mask_0.5.nii.gz,50,50,1.0,True,162.5966814920107,0.10993640516674762,0.06761294520770979,0.30000269412994385,0.6000 0.6000 0.6000,True,ok
896,outputs/phase_b_mesh_qc/case_outputs/896/segmentation_repaired.stl,outputs/final_test_250_phaseb_traceable_v14/case_outputs/896/seg_mask_0.5.nii.gz,50,50,1.0,True,166.95317512090915,0.17138977622935186,0.10265739247260777,0.30000269412994385,0.6000 0.6000 0.6000,True,ok
897,outputs/phase_b_mesh_qc/case_outputs/897/segmentation_repaired.stl,outputs/final_test_250_phaseb_traceable_v14/case_outputs/897/seg_mask_0.5.nii.gz,50,50,1.0,True,166.74712764433733,0.13399233874895788,0.08035660982104373,0.3000071048736572,0.6000 0.6000 0.6000,True,ok
898,outputs/phase_b_mesh_qc/case_outputs/898/segmentation_repaired.stl,outputs/final_test_250_phaseb_traceable_v14/case_outputs/898/seg_mask_0.5.nii.gz,50,48,0.96,False,166.97257529021957,0.09922574133109076,0.05942637056332383,0.3000049591064453,0.6000 0.6000 0.6000,True,ok
899,outputs/phase_b_mesh_qc/case_outputs/899/segmentation_repaired.stl,outputs/final_test_250_phaseb_traceable_v14/case_outputs/899/seg_mask_0.5.nii.gz,50,50,1.0,True,183.20940305116474,0.18813908163738244,0.10269073448421258,0.30002498626708984,0.6000 0.6000 0.6000,True,ok
900,outputs/phase_b_mesh_qc/case_outputs/900/segmentation_repaired.stl,outputs/final_test_250_phaseb_traceable_v14/case_outputs/900/seg_mask_0.5.nii.gz,50,48,0.96,False,161.62289231627875,0.10064966207808176,0.06227438491888953,0.3000040054321289,0.6000 0.6000 0.6000,True,ok
901,outputs/phase_b_mesh_qc/case_outputs/901/segmentation_repaired.stl,outputs/final_test_250_phaseb_traceable_v14/case_outputs/901/seg_mask_0.5.nii.gz,47,45,0.9574468085106383,False,212.23893460710585,0.10850073363161868,0.05112197431280642,0.3000067472457886,0.6000 0.6000 0.6000,True,ok
902,outputs/phase_b_mesh_qc/case_outputs/902/segmentation_repaired.stl,outputs/final_test_250_phaseb_traceable_v14/case_outputs/902/seg_mask_0.5.nii.gz,50,49,0.98,False,167.47203463275082,0.11090553910038697,0.06622331862366845,0.3000037670135498,0.6000 0.6000 0.6000,True,ok
903,outputs/phase_b_mesh_qc/case_outputs/903/segmentation_repaired.stl,outputs/final_test_250_phaseb_traceable_v14/case_outputs/903/seg_mask_0.5.nii.gz,50,50,1.0,True,172.87189564465746,0.12044735942941313,0.06967434410333287,0.3000452518463135,0.6000 0.6000 0.6000,True,ok
904,outputs/phase_b_mesh_qc/case_outputs/904/segmentation_repaired.stl,outputs/final_test_250_phaseb_traceable_v14/case_outputs/904/seg_mask_0.5.nii.gz,39,34,0.8717948717948718,False,189.7798233044431,3.2291141088042687,1.701505488085608,0.30000269412994385,0.6000 0.6000 0.6000,True,ok
905,outputs/phase_b_mesh_qc/case_outputs/905/segmentation_repaired.stl,outputs/final_test_250_phaseb_traceable_v14/case_outputs/905/seg_mask_0.5.nii.gz,40,38,0.95,False,206.89908584975976,0.1257962923302005,0.06080079658812401,0.29999852180480957,0.6000 0.6000 0.6000,True,ok
906,outputs/phase_b_mesh_qc/case_outputs/906/segmentation_repaired.stl,outputs/final_test_250_phaseb_traceable_v14/case_outputs/906/seg_mask_0.5.nii.gz,50,50,1.0,True,162.53024510051497,0.15928588979936853,0.09800384519254246,0.2999999523162842,0.6000 0.6000 0.6000,True,ok
907,outputs/phase_b_mesh_qc/case_outputs/907/segmentation_repaired.stl,outputs/final_test_250_phaseb_traceable_v14/case_outputs/907/seg_mask_0.5.nii.gz,50,50,1.0,True,171.6734190581838,0.14682055103274663,0.08552317058646453,0.3000037670135498,0.6000 0.6000 0.6000,True,ok
908,outputs/phase_b_mesh_qc/case_outputs/908/segmentation_repaired.stl,outputs/final_test_250_phaseb_traceable_v14/case_outputs/908/seg_mask_0.5.nii.gz,45,43,0.9555555555555556,False,184.68016134392616,0.09748343243856215,0.05278500502120567,0.3000009059906006,0.6000 0.6000 0.6000,True,ok
909,outputs/phase_b_mesh_qc/case_outputs/909/segmentation_repaired.stl,outputs/final_test_250_phaseb_traceable_v14/case_outputs/909/seg_mask_0.5.nii.gz,50,48,0.96,False,174.8801858399464,0.08186441160580644,0.04681171352409831,0.30000269412994385,0.6000 0.6000 0.6000,True,ok
910,outputs/phase_b_mesh_qc/case_outputs/910/segmentation_repaired.stl,outputs/final_test_250_phaseb_traceable_v14/case_outputs/910/seg_mask_0.5.nii.gz,50,48,0.96,False,171.34595780248117,0.11239439939893656,0.06559501072590172,0.30002570152282715,0.6000 0.6000 0.6000,True,ok
911,outputs/phase_b_mesh_qc/case_outputs/911/segmentation_repaired.stl,outputs/final_test_250_phaseb_traceable_v14/case_outputs/911/seg_mask_0.5.nii.gz,48,46,0.9583333333333334,False,199.07708269903188,0.13695279508806904,0.06879385272845122,0.3000037670135498,0.6000 0.6000 0.6000,True,ok
912,outputs/phase_b_mesh_qc/case_outputs/912/segmentation_repaired.stl,outputs/final_test_250_phaseb_traceable_v14/case_outputs/912/seg_mask_0.5.nii.gz,49,47,0.9591836734693877,False,204.15524305440124,0.14689511069501993,0.07195265156911831,0.3000444173812866,0.6000 0.6000 0.6000,True,ok
913,outputs/phase_b_mesh_qc/case_outputs/913/segmentation_repaired.stl,outputs/final_test_250_phaseb_traceable_v14/case_outputs/913/seg_mask_0.5.nii.gz,43,41,0.9534883720930233,False,219.20783630899254,0.1429800483051169,0.06522579243178792,0.30000483989715576,0.6000 0.6000 0.6000,True,ok
914,outputs/phase_b_mesh_qc/case_outputs/914/segmentation_repaired.stl,outputs/final_test_250_phaseb_traceable_v14/case_outputs/914/seg_mask_0.5.nii.gz,47,47,1.0,True,158.82448224081526,0.11019977264505786,0.06938462577700652,0.30004405975341797,0.6000 0.6000 0.6000,True,ok
915,outputs/phase_b_mesh_qc/case_outputs/915/segmentation_repaired.stl,outputs/final_test_250_phaseb_traceable_v14/case_outputs/915/seg_mask_0.5.nii.gz,48,46,0.9583333333333334,False,185.01125014621195,0.12004605792247275,0.06488581522885875,0.30000483989715576,0.6000 0.6000 0.6000,True,ok
916,outputs/phase_b_mesh_qc/case_outputs/916/segmentation_repaired.stl,outputs/final_test_250_phaseb_traceable_v14/case_outputs/916/seg_mask_0.5.nii.gz,45,43,0.9555555555555556,False,197.06781261886937,0.15149425887744428,0.07687417689586645,0.30002522468566895,0.6000 0.6000 0.6000,True,ok
917,outputs/phase_b_mesh_qc/case_outputs/917/segmentation_repaired.stl,outputs/final_test_250_phaseb_traceable_v14/case_outputs/917/seg_mask_0.5.nii.gz,50,48,0.96,False,203.23444994685977,0.1127250626381395,0.05546552893351202,0.30000174045562744,0.6000 0.6000 0.6000,True,ok
918,outputs/phase_b_mesh_qc/case_outputs/918/segmentation_repaired.stl,outputs/final_test_250_phaseb_traceable_v14/case_outputs/918/seg_mask_0.5.nii.gz,50,50,1.0,True,165.79771965607685,0.1815111247160736,0.1094774554756193,0.3000129461288452,0.6000 0.6000 0.6000,True,ok
919,outputs/phase_b_mesh_qc/case_outputs/919/segmentation_repaired.stl,outputs/final_test_250_phaseb_traceable_v14/case_outputs/919/seg_mask_0.5.nii.gz,50,50,1.0,True,175.53154120515003,0.17906248409627606,0.10201157174766631,0.30000364780426025,0.6000 0.6000 0.6000,True,ok
920,outputs/phase_b_mesh_qc/case_outputs/920/segmentation_repaired.stl,outputs/final_test_250_phaseb_traceable_v14/case_outputs/920/seg_mask_0.5.nii.gz,45,36,0.8,False,190.38162411241984,0.12437361162900509,0.06532858000810142,0.3000059127807617,0.6000 0.6000 0.6000,True,ok
921,outputs/phase_b_mesh_qc/case_outputs/921/segmentation_repaired.stl,outputs/final_test_250_phaseb_traceable_v14/case_outputs/921/seg_mask_0.5.nii.gz,36,29,0.8055555555555556,False,210.61710220842912,0.08962047848464194,0.04255137761602688,0.3000028133392334,0.6000 0.6000 0.6000,True,ok
922,outputs/phase_b_mesh_qc/case_outputs/922/segmentation_repaired.stl,outputs/final_test_250_phaseb_traceable_v14/case_outputs/922/seg_mask_0.5.nii.gz,45,44,0.9777777777777777,False,150.99628687051322,0.21794114049426794,0.1443354303680085,0.3000040054321289,0.6000 0.6000 0.6000,True,ok
923,outputs/phase_b_mesh_qc/case_outputs/923/segmentation_repaired.stl,outputs/final_test_250_phaseb_traceable_v14/case_outputs/923/seg_mask_0.5.nii.gz,42,42,1.0,True,202.31036424925477,0.13538054318277254,0.06691725541850051,0.3000051975250244,0.6000 0.6000 0.6000,True,ok
924,outputs/phase_b_mesh_qc/case_outputs/924/segmentation_repaired.stl,outputs/final_test_250_phaseb_traceable_v14/case_outputs/924/seg_mask_0.5.nii.gz,50,48,0.96,False,179.5755120046132,0.09609487049387049,0.05351223528261574,0.3000069856643677,0.6000 0.6000 0.6000,True,ok
925,outputs/phase_b_mesh_qc/case_outputs/925/segmentation_repaired.stl,outputs/final_test_250_phaseb_traceable_v14/case_outputs/925/seg_mask_0.5.nii.gz,42,38,0.9047619047619048,False,224.88678046183472,2.080432980582183,0.925102389882473,0.3000044822692871,0.6000 0.6000 0.6000,True,ok
926,outputs/phase_b_mesh_qc/case_outputs/926/segmentation_repaired.stl,outputs/final_test_250_phaseb_traceable_v14/case_outputs/926/seg_mask_0.5.nii.gz,44,44,1.0,True,177.50774754768628,0.17684524713090796,0.09962677661908793,0.30000758171081543,0.6000 0.6000 0.6000,True,ok
927,outputs/phase_b_mesh_qc/case_outputs/927/segmentation_repaired.stl,outputs/final_test_250_phaseb_traceable_v14/case_outputs/927/seg_mask_0.5.nii.gz,49,49,1.0,True,168.84432342787846,0.08790410086642857,0.05206221866498025,0.30000579357147217,0.6000 0.6000 0.6000,True,ok
928,outputs/phase_b_mesh_qc/case_outputs/928/segmentation_repaired.stl,outputs/final_test_250_phaseb_traceable_v14/case_outputs/928/seg_mask_0.5.nii.gz,48,46,0.9583333333333334,False,190.73677750622005,0.10490905497957564,0.05500200661414367,0.30000078678131104,0.6000 0.6000 0.6000,True,ok
929,outputs/phase_b_mesh_qc/case_outputs/929/segmentation_repaired.stl,outputs/final_test_250_phaseb_traceable_v14/case_outputs/929/seg_mask_0.5.nii.gz,50,50,1.0,True,171.93744261762575,0.18097039025005832,0.10525362451302772,0.30000603199005127,0.6000 0.6000 0.6000,True,ok
930,outputs/phase_b_mesh_qc/case_outputs/930/segmentation_repaired.stl,outputs/final_test_250_phaseb_traceable_v14/case_outputs/930/seg_mask_0.5.nii.gz,50,50,1.0,True,171.77823740351724,0.21267636715371518,0.12380867935798284,0.30000734329223633,0.6000 0.6000 0.6000,True,ok
931,outputs/phase_b_mesh_qc/case_outputs/931/segmentation_repaired.stl,outputs/final_test_250_phaseb_traceable_v14/case_outputs/931/seg_mask_0.5.nii.gz,40,38,0.95,False,198.35695483797085,0.24256971597336682,0.12228949379239637,0.30000364780426025,0.6000 0.6000 0.6000,True,ok
932,outputs/phase_b_mesh_qc/case_outputs/932/segmentation_repaired.stl,outputs/final_test_250_phaseb_traceable_v14/case_outputs/932/seg_mask_0.5.nii.gz,50,48,0.96,False,155.9088201688776,0.11134751993991941,0.07141835838364359,0.30000054836273193,0.6000 0.6000 0.6000,True,ok
933,outputs/phase_b_mesh_qc/case_outputs/933/segmentation_repaired.stl,outputs/final_test_250_phaseb_traceable_v14/case_outputs/933/seg_mask_0.5.nii.gz,50,49,0.98,False,173.30033585856646,0.23879408402290966,0.13779204918436733,0.30001258850097656,0.6000 0.6000 0.6000,True,ok
934,outputs/phase_b_mesh_qc/case_outputs/934/segmentation_repaired.stl,outputs/final_test_250_phaseb_traceable_v14/case_outputs/934/seg_mask_0.5.nii.gz,50,50,1.0,True,175.6606978210328,0.1696156793171534,0.09655869606641423,0.30000221729278564,0.6000 0.6000 0.6000,True,ok
935,outputs/phase_b_mesh_qc/case_outputs/935/segmentation_repaired.stl,outputs/final_test_250_phaseb_traceable_v14/case_outputs/935/seg_mask_0.5.nii.gz,50,48,0.96,False,187.8316307230803,0.1576367755650173,0.08392450992315602,0.3000009059906006,0.6000 0.6000 0.6000,True,ok
936,outputs/phase_b_mesh_qc/case_outputs/936/segmentation_repaired.stl,outputs/final_test_250_phaseb_traceable_v14/case_outputs/936/seg_mask_0.5.nii.gz,41,41,1.0,True,179.9950111301802,0.1757166652148864,0.097623075279459,0.300006628036499,0.6000 0.6000 0.6000,True,ok
937,outputs/phase_b_mesh_qc/case_outputs/937/segmentation_repaired.stl,outputs/final_test_250_phaseb_traceable_v14/case_outputs/937/seg_mask_0.5.nii.gz,40,39,0.975,False,199.82883744265186,0.15381063744485413,0.0769711916524539,0.3000074625015259,0.6000 0.6000 0.6000,True,ok
938,outputs/phase_b_mesh_qc/case_outputs/938/segmentation_repaired.stl,outputs/final_test_250_phaseb_traceable_v14/case_outputs/938/seg_mask_0.5.nii.gz,35,34,0.9714285714285714,False,241.04921858921483,0.1307896871149404,0.0542584986918486,0.3000074625015259,0.6000 0.6000 0.6000,True,ok
939,outputs/phase_b_mesh_qc/case_outputs/939/segmentation_repaired.stl,outputs/final_test_250_phaseb_traceable_v14/case_outputs/939/seg_mask_0.5.nii.gz,45,45,1.0,True,191.81522715310683,0.06395142700644005,0.03334012004969451,0.30000317096710205,0.6000 0.6000 0.6000,True,ok
940,outputs/phase_b_mesh_qc/case_outputs/940/segmentation_repaired.stl,outputs/final_test_250_phaseb_traceable_v14/case_outputs/940/seg_mask_0.5.nii.gz,46,46,1.0,True,163.35654068559873,0.14009029440468201,0.08575738309389418,0.3000025749206543,0.6000 0.6000 0.6000,True,ok
941,outputs/phase_b_mesh_qc/case_outputs/941/segmentation_repaired.stl,outputs/final_test_250_phaseb_traceable_v14/case_outputs/941/seg_mask_0.5.nii.gz,50,50,1.0,True,150.1319479853563,0.12482937613259676,0.08314644404985172,0.30000507831573486,0.6000 0.6000 0.6000,True,ok
942,outputs/phase_b_mesh_qc/case_outputs/942/segmentation_repaired.stl,outputs/final_test_250_phaseb_traceable_v14/case_outputs/942/seg_mask_0.5.nii.gz,50,48,0.96,False,146.29299393707566,0.14901356897362686,0.10185967554790859,0.3000013828277588,0.6000 0.6000 0.6000,True,ok
943,outputs/phase_b_mesh_qc/case_outputs/943/segmentation_repaired.stl,outputs/final_test_250_phaseb_traceable_v14/case_outputs/943/seg_mask_0.5.nii.gz,50,49,0.98,False,162.21541894704475,0.16704969242620257,0.10298015657854077,0.3000061511993408,0.6000 0.6000 0.6000,True,ok
944,outputs/phase_b_mesh_qc/case_outputs/944/segmentation_repaired.stl,outputs/final_test_250_phaseb_traceable_v14/case_outputs/944/seg_mask_0.5.nii.gz,44,43,0.9772727272727273,False,226.42152089051902,3.722644273081407,1.6441212206508442,0.30000603199005127,0.6000 0.6000 0.6000,True,ok
945,outputs/phase_b_mesh_qc/case_outputs/945/segmentation_repaired.stl,outputs/final_test_250_phaseb_traceable_v14/case_outputs/945/seg_mask_0.5.nii.gz,42,42,1.0,True,182.50852185207623,0.15256533004997264,0.08359353771635242,0.29999983310699463,0.6000 0.6000 0.6000,True,ok
946,outputs/phase_b_mesh_qc/case_outputs/946/segmentation_repaired.stl,outputs/final_test_250_phaseb_traceable_v14/case_outputs/946/seg_mask_0.5.nii.gz,40,40,1.0,True,184.14625472259027,0.10372934947241813,0.056329871942648345,0.3000069856643677,0.6000 0.6000 0.6000,True,ok
947,outputs/phase_b_mesh_qc/case_outputs/947/segmentation_repaired.stl,outputs/final_test_250_phaseb_traceable_v14/case_outputs/947/seg_mask_0.5.nii.gz,49,47,0.9591836734693877,False,198.61088349638112,0.19201768463211166,0.09668034362055009,0.3000065088272095,0.6000 0.6000 0.6000,True,ok
948,outputs/phase_b_mesh_qc/case_outputs/948/segmentation_repaired.stl,outputs/final_test_250_phaseb_traceable_v14/case_outputs/948/seg_mask_0.5.nii.gz,41,41,1.0,True,205.5356941866253,0.12745550687261592,0.0620113734390519,0.3000056743621826,0.6000 0.6000 0.6000,True,ok
949,outputs/phase_b_mesh_qc/case_outputs/949/segmentation_repaired.stl,outputs/final_test_250_phaseb_traceable_v14/case_outputs/949/seg_mask_0.5.nii.gz,48,39,0.8125,False,170.8409535760223,0.15517189687759742,0.090828278366257,0.30000221729278564,0.6000 0.6000 0.6000,True,ok
950,outputs/phase_b_mesh_qc/case_outputs/950/segmentation_repaired.stl,outputs/final_test_250_phaseb_traceable_v14/case_outputs/950/seg_mask_0.5.nii.gz,49,47,0.9591836734693877,False,182.01275228154498,0.15084718759401722,0.08287726310554354,0.30000078678131104,0.6000 0.6000 0.6000,True,ok
951,outputs/phase_b_mesh_qc/case_outputs/951/segmentation_repaired.stl,outputs/final_test_250_phaseb_traceable_v14/case_outputs/951/seg_mask_0.5.nii.gz,34,34,1.0,True,206.69631234521242,0.1238473312306773,0.059917533034568385,0.30000555515289307,0.6000 0.6000 0.6000,True,ok
952,outputs/phase_b_mesh_qc/case_outputs/952/segmentation_repaired.stl,outputs/final_test_250_phaseb_traceable_v14/case_outputs/952/seg_mask_0.5.nii.gz,50,50,1.0,True,170.6343451105103,0.14604867161397245,0.08559160321410376,0.30000030994415283,0.6000 0.6000 0.6000,True,ok
953,outputs/phase_b_mesh_qc/case_outputs/953/segmentation_repaired.stl,outputs/final_test_250_phaseb_traceable_v14/case_outputs/953/seg_mask_0.5.nii.gz,50,50,1.0,True,178.48765079767895,0.18136948253156215,0.10161458326164528,0.30000269412994385,0.6000 0.6000 0.6000,True,ok
954,outputs/phase_b_mesh_qc/case_outputs/954/segmentation_repaired.stl,outputs/final_test_250_phaseb_traceable_v14/case_outputs/954/seg_mask_0.5.nii.gz,50,40,0.8,False,164.79479561245228,0.15485306348271433,0.09396720503654866,0.3000051975250244,0.6000 0.6000 0.6000,True,ok
955,outputs/phase_b_mesh_qc/case_outputs/955/segmentation_repaired.stl,outputs/final_test_250_phaseb_traceable_v14/case_outputs/955/seg_mask_0.5.nii.gz,50,50,1.0,True,168.81872627738613,0.14780659277630512,0.08755343440599359,0.3000040054321289,0.6000 0.6000 0.6000,True,ok
956,outputs/phase_b_mesh_qc/case_outputs/956/segmentation_repaired.stl,outputs/final_test_250_phaseb_traceable_v14/case_outputs/956/seg_mask_0.5.nii.gz,48,48,1.0,True,170.16956332026353,0.09940855382295359,0.058417352600161586,0.300001859664917,0.6000 0.6000 0.6000,True,ok
957,outputs/phase_b_mesh_qc/case_outputs/957/segmentation_repaired.stl,outputs/final_test_250_phaseb_traceable_v14/case_outputs/957/seg_mask_0.5.nii.gz,50,48,0.96,False,171.1851771559965,0.10770453108196314,0.06291697264408289,0.30000364780426025,0.6000 0.6000 0.6000,True,ok
958,outputs/phase_b_mesh_qc/case_outputs/958/segmentation_repaired.stl,outputs/final_test_250_phaseb_traceable_v14/case_outputs/958/seg_mask_0.5.nii.gz,49,49,1.0,True,204.3552854932934,0.15565657654145684,0.07616958678886984,0.30000340938568115,0.6000 0.6000 0.6000,True,ok
959,outputs/phase_b_mesh_qc/case_outputs/959/segmentation_repaired.stl,outputs/final_test_250_phaseb_traceable_v14/case_outputs/959/seg_mask_0.5.nii.gz,43,42,0.9767441860465116,False,225.75096106036398,4.396221891588127,1.9473768222021488,0.3000074625015259,0.6000 0.6000 0.6000,True,ok
960,outputs/phase_b_mesh_qc/case_outputs/960/segmentation_repaired.stl,outputs/final_test_250_phaseb_traceable_v14/case_outputs/960/seg_mask_0.5.nii.gz,40,31,0.775,False,232.2736379483094,0.19416539065354885,0.08359338251582332,0.30000388622283936,0.6000 0.6000 0.6000,True,ok
961,outputs/phase_b_mesh_qc/case_outputs/961/segmentation_repaired.stl,outputs/final_test_250_phaseb_traceable_v14/case_outputs/961/seg_mask_0.5.nii.gz,39,39,1.0,True,201.22913166685532,0.08196154934651413,0.04073045918729377,0.3000032901763916,0.6000 0.6000 0.6000,True,ok
962,outputs/phase_b_mesh_qc/case_outputs/962/segmentation_repaired.stl,outputs/final_test_250_phaseb_traceable_v14/case_outputs/962/seg_mask_0.5.nii.gz,37,35,0.9459459459459459,False,274.09972167559414,3.4684204806781134,1.2653863562776984,0.3000063896179199,0.6000 0.6000 0.6000,True,ok
963,outputs/phase_b_mesh_qc/case_outputs/963/segmentation_repaired.stl,outputs/final_test_250_phaseb_traceable_v14/case_outputs/963/seg_mask_0.5.nii.gz,50,48,0.96,False,196.96639949392932,0.1382677648646344,0.07019865582144429,0.3000032901763916,0.6000 0.6000 0.6000,True,ok
964,outputs/phase_b_mesh_qc/case_outputs/964/segmentation_repaired.stl,outputs/final_test_250_phaseb_traceable_v14/case_outputs/964/seg_mask_0.5.nii.gz,42,40,0.9523809523809523,False,208.75259320540923,0.11917952487265508,0.057091278744204305,0.30000340938568115,0.6000 0.6000 0.6000,True,ok
965,outputs/phase_b_mesh_qc/case_outputs/965/segmentation_repaired.stl,outputs/final_test_250_phaseb_traceable_v14/case_outputs/965/seg_mask_0.5.nii.gz,37,37,1.0,True,193.46722043144663,0.1523638302791889,0.07875433881740067,0.3000040054321289,0.6000 0.6000 0.6000,True,ok
966,outputs/phase_b_mesh_qc/case_outputs/966/segmentation_repaired.stl,outputs/final_test_250_phaseb_traceable_v14/case_outputs/966/seg_mask_0.5.nii.gz,50,40,0.8,False,178.6237394619692,0.1294112685248609,0.0724490870668475,0.30000197887420654,0.6000 0.6000 0.6000,True,ok
967,outputs/phase_b_mesh_qc/case_outputs/967/segmentation_repaired.stl,outputs/final_test_250_phaseb_traceable_v14/case_outputs/967/seg_mask_0.5.nii.gz,43,41,0.9534883720930233,False,190.9216664211936,0.1311983932172831,0.06871844127310592,0.30000603199005127,0.6000 0.6000 0.6000,True,ok
968,outputs/phase_b_mesh_qc/case_outputs/968/segmentation_repaired.stl,outputs/final_test_250_phaseb_traceable_v14/case_outputs/968/seg_mask_0.5.nii.gz,50,50,1.0,True,157.4677222850143,0.16732374815394405,0.10625907692440643,0.30000627040863037,0.6000 0.6000 0.6000,True,ok
969,outputs/phase_b_mesh_qc/case_outputs/969/segmentation_repaired.stl,outputs/final_test_250_phaseb_traceable_v14/case_outputs/969/seg_mask_0.5.nii.gz,48,48,1.0,True,186.73210780703928,0.17685332671592544,0.09470965052173987,0.3000063896179199,0.6000 0.6000 0.6000,True,ok
970,outputs/phase_b_mesh_qc/case_outputs/970/segmentation_repaired.stl,outputs/final_test_250_phaseb_traceable_v14/case_outputs/970/seg_mask_0.5.nii.gz,50,48,0.96,False,166.63265775169873,0.17195071271916185,0.1031914842139694,0.3000068664550781,0.6000 0.6000 0.6000,True,ok
971,outputs/phase_b_mesh_qc/case_outputs/971/segmentation_repaired.stl,outputs/final_test_250_phaseb_traceable_v14/case_outputs/971/seg_mask_0.5.nii.gz,50,50,1.0,True,168.08891325290082,0.19198598913641612,0.1142169256859675,0.3000037670135498,0.6000 0.6000 0.6000,True,ok
972,outputs/phase_b_mesh_qc/case_outputs/972/segmentation_repaired.stl,outputs/final_test_250_phaseb_traceable_v14/case_outputs/972/seg_mask_0.5.nii.gz,47,47,1.0,True,159.8546900159322,0.09717486646265365,0.060789499796952196,0.30000317096710205,0.6000 0.6000 0.6000,True,ok
973,outputs/phase_b_mesh_qc/case_outputs/973/segmentation_repaired.stl,outputs/final_test_250_phaseb_traceable_v14/case_outputs/973/seg_mask_0.5.nii.gz,50,49,0.98,False,166.40781800537687,0.13282910038793586,0.0798214302549439,0.300001859664917,0.6000 0.6000 0.6000,True,ok
974,outputs/phase_b_mesh_qc/case_outputs/974/segmentation_repaired.stl,outputs/final_test_250_phaseb_traceable_v14/case_outputs/974/seg_mask_0.5.nii.gz,42,41,0.9761904761904762,False,202.0299031594826,0.12885943881312345,0.06378235934281555,0.3000023365020752,0.6000 0.6000 0.6000,True,ok
975,outputs/phase_b_mesh_qc/case_outputs/975/segmentation_repaired.stl,outputs/final_test_250_phaseb_traceable_v14/case_outputs/975/seg_mask_0.5.nii.gz,45,45,1.0,True,213.87118945742048,0.17612781942403383,0.08235228871680216,0.3000061511993408,0.6000 0.6000 0.6000,True,ok
976,outputs/phase_b_mesh_qc/case_outputs/976/segmentation_repaired.stl,outputs/final_test_250_phaseb_traceable_v14/case_outputs/976/seg_mask_0.5.nii.gz,50,48,0.96,False,153.02353471497887,0.12988489577865048,0.08487903250998198,0.300006628036499,0.6000 0.6000 0.6000,True,ok
977,outputs/phase_b_mesh_qc/case_outputs/977/segmentation_repaired.stl,outputs/final_test_250_phaseb_traceable_v14/case_outputs/977/seg_mask_0.5.nii.gz,50,49,0.98,False,164.1907501793511,0.07990678372847515,0.04866704344866582,0.3000020980834961,0.6000 0.6000 0.6000,True,ok
978,outputs/phase_b_mesh_qc/case_outputs/978/segmentation_repaired.stl,outputs/final_test_250_phaseb_traceable_v14/case_outputs/978/seg_mask_0.5.nii.gz,50,41,0.82,False,169.32017681304563,0.17915696576773635,0.1058095787163936,0.3000035285949707,0.6000 0.6000 0.6000,True,ok
979,outputs/phase_b_mesh_qc/case_outputs/979/segmentation_repaired.stl,outputs/final_test_250_phaseb_traceable_v14/case_outputs/979/seg_mask_0.5.nii.gz,42,42,1.0,True,190.08640442241077,0.11879268983492028,0.06249404853328631,0.3000016212463379,0.6000 0.6000 0.6000,True,ok
980,outputs/phase_b_mesh_qc/case_outputs/980/segmentation_repaired.stl,outputs/final_test_250_phaseb_traceable_v14/case_outputs/980/seg_mask_0.5.nii.gz,45,43,0.9555555555555556,False,176.07726344081382,0.1556296470460588,0.08838713415055531,0.3000054359436035,0.6000 0.6000 0.6000,True,ok
981,outputs/phase_b_mesh_qc/case_outputs/981/segmentation_repaired.stl,outputs/final_test_250_phaseb_traceable_v14/case_outputs/981/seg_mask_0.5.nii.gz,45,43,0.9555555555555556,False,182.0819617222062,0.2503153952601129,0.13747402152993457,0.3000032901763916,0.6000 0.6000 0.6000,True,ok
982,outputs/phase_b_mesh_qc/case_outputs/982/segmentation_repaired.stl,outputs/final_test_250_phaseb_traceable_v14/case_outputs/982/seg_mask_0.5.nii.gz,50,48,0.96,False,156.9616587200803,0.104814814744604,0.06677733632487086,0.3000072240829468,0.6000 0.6000 0.6000,True,ok
983,outputs/phase_b_mesh_qc/case_outputs/983/segmentation_repaired.stl,outputs/final_test_250_phaseb_traceable_v14/case_outputs/983/seg_mask_0.5.nii.gz,49,49,1.0,True,182.27956923116852,0.1825856413495895,0.10016791356250837,0.30000293254852295,0.6000 0.6000 0.6000,True,ok
984,outputs/phase_b_mesh_qc/case_outputs/984/segmentation_repaired.stl,outputs/final_test_250_phaseb_traceable_v14/case_outputs/984/seg_mask_0.5.nii.gz,40,40,1.0,True,256.93035035723693,0.14954325052879275,0.05820380905598239,0.3000032901763916,0.6000 0.6000 0.6000,True,ok
985,outputs/phase_b_mesh_qc/case_outputs/985/segmentation_repaired.stl,outputs/final_test_250_phaseb_traceable_v14/case_outputs/985/seg_mask_0.5.nii.gz,40,39,0.975,False,236.22481799676316,0.13055090736266484,0.05526553410846683,0.30000293254852295,0.6000 0.6000 0.6000,True,ok
986,outputs/phase_b_mesh_qc/case_outputs/986/segmentation_repaired.stl,outputs/final_test_250_phaseb_traceable_v14/case_outputs/986/seg_mask_0.5.nii.gz,40,39,0.975,False,228.88643736249665,0.1404567460666407,0.0613652550518726,0.30002498626708984,0.6000 0.6000 0.6000,True,ok
987,outputs/phase_b_mesh_qc/case_outputs/987/segmentation_repaired.stl,outputs/final_test_250_phaseb_traceable_v14/case_outputs/987/seg_mask_0.5.nii.gz,50,48,0.96,False,175.132181447896,0.14679392834357444,0.08381893443567222,0.3000009059906006,0.6000 0.6000 0.6000,True,ok
988,outputs/phase_b_mesh_qc/case_outputs/988/segmentation_repaired.stl,outputs/final_test_250_phaseb_traceable_v14/case_outputs/988/seg_mask_0.5.nii.gz,46,44,0.9565217391304348,False,162.7316887570186,0.1736432628976584,0.10670525465813382,0.30000460147857666,0.6000 0.6000 0.6000,True,ok
989,outputs/phase_b_mesh_qc/case_outputs/989/segmentation_repaired.stl,outputs/final_test_250_phaseb_traceable_v14/case_outputs/989/seg_mask_0.5.nii.gz,50,50,1.0,True,168.61066912767862,0.10949276959494944,0.06493822138386582,0.30000221729278564,0.6000 0.6000 0.6000,True,ok
990,outputs/phase_b_mesh_qc/case_outputs/990/segmentation_repaired.stl,outputs/final_test_250_phaseb_traceable_v14/case_outputs/990/seg_mask_0.5.nii.gz,45,45,1.0,True,215.48855473618715,0.14693585896015096,0.06818731469986322,0.30002450942993164,0.6000 0.6000 0.6000,True,ok
991,outputs/phase_b_mesh_qc/case_outputs/991/segmentation_repaired.stl,outputs/final_test_250_phaseb_traceable_v14/case_outputs/991/seg_mask_0.5.nii.gz,45,43,0.9555555555555556,False,230.82851195587324,0.17513777820133195,0.07587354643381858,0.30002522468566895,0.6000 0.6000 0.6000,True,ok
992,outputs/phase_b_mesh_qc/case_outputs/992/segmentation_repaired.stl,outputs/final_test_250_phaseb_traceable_v14/case_outputs/992/seg_mask_0.5.nii.gz,50,48,0.96,False,166.11008823264996,0.1427282692951258,0.0859239019217327,0.3000044822692871,0.6000 0.6000 0.6000,True,ok
993,outputs/phase_b_mesh_qc/case_outputs/993/segmentation_repaired.stl,outputs/final_test_250_phaseb_traceable_v14/case_outputs/993/seg_mask_0.5.nii.gz,50,50,1.0,True,190.1640303574079,0.1427181694680625,0.07505003401528025,0.30001986026763916,0.6000 0.6000 0.6000,True,ok
994,outputs/phase_b_mesh_qc/case_outputs/994/segmentation_repaired.stl,outputs/final_test_250_phaseb_traceable_v14/case_outputs/994/seg_mask_0.5.nii.gz,43,41,0.9534883720930233,False,199.92608691892335,0.14651461724644954,0.07328439199926225,0.30004966259002686,0.6000 0.6000 0.6000,True,ok
995,outputs/phase_b_mesh_qc/case_outputs/995/segmentation_repaired.stl,outputs/final_test_250_phaseb_traceable_v14/case_outputs/995/seg_mask_0.5.nii.gz,35,35,1.0,True,227.64230380757292,3.0402287146927653,1.3355288818648947,0.3000199794769287,0.6000 0.6000 0.6000,True,ok
996,outputs/phase_b_mesh_qc/case_outputs/996/segmentation_repaired.stl,outputs/final_test_250_phaseb_traceable_v14/case_outputs/996/seg_mask_0.5.nii.gz,49,49,1.0,True,161.33865974088098,0.1813006290560489,0.1123727129921793,0.3000035285949707,0.6000 0.6000 0.6000,True,ok
997,outputs/phase_b_mesh_qc/case_outputs/997/segmentation_repaired.stl,outputs/final_test_250_phaseb_traceable_v14/case_outputs/997/seg_mask_0.5.nii.gz,50,0,0.0,False,179.10578775686704,0.17337347175741796,0.0967994803120318,0.3000061511993408,0.6000 0.6000 0.6000,True,ok
998,outputs/phase_b_mesh_qc/case_outputs/998/segmentation_repaired.stl,outputs/final_test_250_phaseb_traceable_v14/case_outputs/998/seg_mask_0.5.nii.gz,50,50,1.0,True,167.57303837887665,0.13520075955944388,0.08068169012592576,0.300006628036499,0.6000 0.6000 0.6000,True,ok
999,outputs/phase_b_mesh_qc/case_outputs/999/segmentation_repaired.stl,outputs/final_test_250_phaseb_traceable_v14/case_outputs/999/seg_mask_0.5.nii.gz,50,50,1.0,True,149.36385596117424,0.1735873647788047,0.11621778485949583,0.30000436305999756,0.6000 0.6000 0.6000,True,ok
