case_id,repaired_stl,mesh_qc_status,watertight,non_manifold_edge_count
1000,outputs/phase_b_mesh_qc/case_outputs/1000/segmentation_repaired.stl,ok,True,0
751,outputs/phase_b_mesh_qc/case_outputs/751/segmentation_repaired.stl,ok,True,0
752,outputs/phase_b_mesh_qc/case_outputs/752/segmentation_repaired.stl,ok,True,0
753,outputs/phase_b_mesh_qc/case_outputs/753/segmentation_repaired.stl,ok,True,0
754,outputs/phase_b_mesh_qc/case_outputs/754/segmentation_repaired.stl,ok,True,0
755,outputs/phase_b_mesh_qc/case_outputs/755/segmentation_repaired.stl,ok,True,0
756,outputs/phase_b_mesh_qc/case_outputs/756/segmentation_repaired.stl,ok,True,0
757,outputs/phase_b_mesh_qc/case_outputs/757/segmentation_repaired.stl,ok,True,0
758,outputs/phase_b_mesh_qc/case_outputs/758/segmentation_repaired.stl,ok,True,0
759,outputs/phase_b_mesh_qc/case_outputs/759/segmentation_repaired.stl,ok,True,0
760,outputs/phase_b_mesh_qc/case_outputs/760/segmentation_repaired.stl,ok,True,0
761,outputs/phase_b_mesh_qc/case_outputs/761/segmentation_repaired.stl,ok,True,0
762,outputs/phase_b_mesh_qc/case_outputs/762/segmentation_repaired.stl,ok,True,0
763,outputs/phase_b_mesh_qc/case_outputs/763/segmentation_repaired.stl,ok,True,0
764,outputs/phase_b_mesh_qc/case_outputs/764/segmentation_repaired.stl,ok,True,0
765,outputs/phase_b_mesh_qc/case_outputs/765/segmentation_repaired.stl,ok,True,0
766,outputs/phase_b_mesh_qc/case_outputs/766/segmentation_repaired.stl,ok,True,0
767,outputs/phase_b_mesh_qc/case_outputs/767/segmentation_repaired.stl,ok,False,24
768,outputs/phase_b_mesh_qc/case_outputs/768/segmentation_repaired.stl,ok,False,28
769,outputs/phase_b_mesh_qc/case_outputs/769/segmentation_repaired.stl,ok,False,142
770,outputs/phase_b_mesh_qc/case_outputs/770/segmentation_repaired.stl,ok,True,0
771,outputs/phase_b_mesh_qc/case_outputs/771/segmentation_repaired.stl,ok,True,0
772,outputs/phase_b_mesh_qc/case_outputs/772/segmentation_repaired.stl,ok,False,16
773,outputs/phase_b_mesh_qc/case_outputs/773/segmentation_repaired.stl,ok,True,0
774,outputs/phase_b_mesh_qc/case_outputs/774/segmentation_repaired.stl,ok,True,0
775,outputs/phase_b_mesh_qc/case_outputs/775/segmentation_repaired.stl,ok,True,0
776,outputs/phase_b_mesh_qc/case_outputs/776/segmentation_repaired.stl,ok,True,0
777,outputs/phase_b_mesh_qc/case_outputs/777/segmentation_repaired.stl,ok,True,0
778,outputs/phase_b_mesh_qc/case_outputs/778/segmentation_repaired.stl,ok,True,0
779,outputs/phase_b_mesh_qc/case_outputs/779/segmentation_repaired.stl,ok,True,0
780,outputs/phase_b_mesh_qc/case_outputs/780/segmentation_repaired.stl,ok,True,0
781,outputs/phase_b_mesh_qc/case_outputs/781/segmentation_repaired.stl,ok,True,0
782,outputs/phase_b_mesh_qc/case_outputs/782/segmentation_repaired.stl,ok,True,0
783,outputs/phase_b_mesh_qc/case_outputs/783/segmentation_repaired.stl,ok,True,0
784,outputs/phase_b_mesh_qc/case_outputs/784/segmentation_repaired.stl,ok,True,0
785,outputs/phase_b_mesh_qc/case_outputs/785/segmentation_repaired.stl,ok,True,0
786,outputs/phase_b_mesh_qc/case_outputs/786/segmentation_repaired.stl,ok,False,78
787,outputs/phase_b_mesh_qc/case_outputs/787/segmentation_repaired.stl,ok,True,0
788,outputs/phase_b_mesh_qc/case_outputs/788/segmentation_repaired.stl,ok,True,0
789,outputs/phase_b_mesh_qc/case_outputs/789/segmentation_repaired.stl,ok,True,0
790,outputs/phase_b_mesh_qc/case_outputs/790/segmentation_repaired.stl,ok,True,0
791,outputs/phase_b_mesh_qc/case_outputs/791/segmentation_repaired.stl,ok,True,0
792,outputs/phase_b_mesh_qc/case_outputs/792/segmentation_repaired.stl,ok,True,0
793,outputs/phase_b_mesh_qc/case_outputs/793/segmentation_repaired.stl,ok,True,0
794,outputs/phase_b_mesh_qc/case_outputs/794/segmentation_repaired.stl,ok,True,0
795,outputs/phase_b_mesh_qc/case_outputs/795/segmentation_repaired.stl,ok,True,0
796,outputs/phase_b_mesh_qc/case_outputs/796/segmentation_repaired.stl,ok,True,0
797,outputs/phase_b_mesh_qc/case_outputs/797/segmentation_repaired.stl,ok,True,0
798,outputs/phase_b_mesh_qc/case_outputs/798/segmentation_repaired.stl,ok,False,26
799,outputs/phase_b_mesh_qc/case_outputs/799/segmentation_repaired.stl,ok,True,0
800,outputs/phase_b_mesh_qc/case_outputs/800/segmentation_repaired.stl,ok,True,0
801,outputs/phase_b_mesh_qc/case_outputs/801/segmentation_repaired.stl,ok,True,0
802,outputs/phase_b_mesh_qc/case_outputs/802/segmentation_repaired.stl,ok,True,0
803,outputs/phase_b_mesh_qc/case_outputs/803/segmentation_repaired.stl,ok,True,0
804,outputs/phase_b_mesh_qc/case_outputs/804/segmentation_repaired.stl,ok,True,0
805,outputs/phase_b_mesh_qc/case_outputs/805/segmentation_repaired.stl,ok,True,0
806,outputs/phase_b_mesh_qc/case_outputs/806/segmentation_repaired.stl,ok,True,0
807,outputs/phase_b_mesh_qc/case_outputs/807/segmentation_repaired.stl,ok,True,0
808,outputs/phase_b_mesh_qc/case_outputs/808/segmentation_repaired.stl,ok,False,30
809,outputs/phase_b_mesh_qc/case_outputs/809/segmentation_repaired.stl,ok,True,0
810,outputs/phase_b_mesh_qc/case_outputs/810/segmentation_repaired.stl,ok,True,0
811,outputs/phase_b_mesh_qc/case_outputs/811/segmentation_repaired.stl,ok,True,0
812,outputs/phase_b_mesh_qc/case_outputs/812/segmentation_repaired.stl,ok,True,0
813,outputs/phase_b_mesh_qc/case_outputs/813/segmentation_repaired.stl,ok,True,0
814,outputs/phase_b_mesh_qc/case_outputs/814/segmentation_repaired.stl,ok,True,0
815,outputs/phase_b_mesh_qc/case_outputs/815/segmentation_repaired.stl,ok,True,0
816,outputs/phase_b_mesh_qc/case_outputs/816/segmentation_repaired.stl,ok,True,0
817,outputs/phase_b_mesh_qc/case_outputs/817/segmentation_repaired.stl,ok,True,0
818,outputs/phase_b_mesh_qc/case_outputs/818/segmentation_repaired.stl,ok,True,0
819,outputs/phase_b_mesh_qc/case_outputs/819/segmentation_repaired.stl,ok,True,0
820,outputs/phase_b_mesh_qc/case_outputs/820/segmentation_repaired.stl,ok,True,0
821,outputs/phase_b_mesh_qc/case_outputs/821/segmentation_repaired.stl,ok,False,6
822,outputs/phase_b_mesh_qc/case_outputs/822/segmentation_repaired.stl,ok,True,0
823,outputs/phase_b_mesh_qc/case_outputs/823/segmentation_repaired.stl,ok,True,0
824,outputs/phase_b_mesh_qc/case_outputs/824/segmentation_repaired.stl,ok,True,0
825,outputs/phase_b_mesh_qc/case_outputs/825/segmentation_repaired.stl,ok,True,0
826,outputs/phase_b_mesh_qc/case_outputs/826/segmentation_repaired.stl,ok,True,0
827,outputs/phase_b_mesh_qc/case_outputs/827/segmentation_repaired.stl,ok,True,0
828,outputs/phase_b_mesh_qc/case_outputs/828/segmentation_repaired.stl,ok,True,0
829,outputs/phase_b_mesh_qc/case_outputs/829/segmentation_repaired.stl,ok,True,0
830,outputs/phase_b_mesh_qc/case_outputs/830/segmentation_repaired.stl,ok,True,0
831,outputs/phase_b_mesh_qc/case_outputs/831/segmentation_repaired.stl,ok,True,0
832,outputs/phase_b_mesh_qc/case_outputs/832/segmentation_repaired.stl,ok,True,0
833,outputs/phase_b_mesh_qc/case_outputs/833/segmentation_repaired.stl,ok,True,0
834,outputs/phase_b_mesh_qc/case_outputs/834/segmentation_repaired.stl,ok,True,0
835,outputs/phase_b_mesh_qc/case_outputs/835/segmentation_repaired.stl,ok,True,0
836,outputs/phase_b_mesh_qc/case_outputs/836/segmentation_repaired.stl,ok,True,0
837,outputs/phase_b_mesh_qc/case_outputs/837/segmentation_repaired.stl,ok,True,0
838,outputs/phase_b_mesh_qc/case_outputs/838/segmentation_repaired.stl,ok,True,0
839,outputs/phase_b_mesh_qc/case_outputs/839/segmentation_repaired.stl,ok,True,0
840,outputs/phase_b_mesh_qc/case_outputs/840/segmentation_repaired.stl,ok,True,0
841,outputs/phase_b_mesh_qc/case_outputs/841/segmentation_repaired.stl,ok,True,0
842,outputs/phase_b_mesh_qc/case_outputs/842/segmentation_repaired.stl,ok,True,0
843,outputs/phase_b_mesh_qc/case_outputs/843/segmentation_repaired.stl,ok,True,0
844,outputs/phase_b_mesh_qc/case_outputs/844/segmentation_repaired.stl,ok,True,0
845,outputs/phase_b_mesh_qc/case_outputs/845/segmentation_repaired.stl,ok,False,10
846,outputs/phase_b_mesh_qc/case_outputs/846/segmentation_repaired.stl,ok,True,0
847,outputs/phase_b_mesh_qc/case_outputs/847/segmentation_repaired.stl,ok,True,0
848,outputs/phase_b_mesh_qc/case_outputs/848/segmentation_repaired.stl,ok,True,0
849,outputs/phase_b_mesh_qc/case_outputs/849/segmentation_repaired.stl,ok,True,0
850,outputs/phase_b_mesh_qc/case_outputs/850/segmentation_repaired.stl,ok,True,0
851,outputs/phase_b_mesh_qc/case_outputs/851/segmentation_repaired.stl,ok,True,0
852,outputs/phase_b_mesh_qc/case_outputs/852/segmentation_repaired.stl,ok,True,0
853,outputs/phase_b_mesh_qc/case_outputs/853/segmentation_repaired.stl,ok,True,0
854,outputs/phase_b_mesh_qc/case_outputs/854/segmentation_repaired.stl,ok,True,0
855,outputs/phase_b_mesh_qc/case_outputs/855/segmentation_repaired.stl,ok,False,52
856,outputs/phase_b_mesh_qc/case_outputs/856/segmentation_repaired.stl,ok,False,10
857,outputs/phase_b_mesh_qc/case_outputs/857/segmentation_repaired.stl,ok,True,0
858,outputs/phase_b_mesh_qc/case_outputs/858/segmentation_repaired.stl,ok,True,0
859,outputs/phase_b_mesh_qc/case_outputs/859/segmentation_repaired.stl,ok,True,0
860,outputs/phase_b_mesh_qc/case_outputs/860/segmentation_repaired.stl,ok,True,0
861,outputs/phase_b_mesh_qc/case_outputs/861/segmentation_repaired.stl,ok,False,20
862,outputs/phase_b_mesh_qc/case_outputs/862/segmentation_repaired.stl,ok,True,0
863,outputs/phase_b_mesh_qc/case_outputs/863/segmentation_repaired.stl,ok,True,0
864,outputs/phase_b_mesh_qc/case_outputs/864/segmentation_repaired.stl,ok,True,0
865,outputs/phase_b_mesh_qc/case_outputs/865/segmentation_repaired.stl,ok,True,0
866,outputs/phase_b_mesh_qc/case_outputs/866/segmentation_repaired.stl,ok,True,0
867,outputs/phase_b_mesh_qc/case_outputs/867/segmentation_repaired.stl,ok,False,58
868,outputs/phase_b_mesh_qc/case_outputs/868/segmentation_repaired.stl,ok,False,36
869,outputs/phase_b_mesh_qc/case_outputs/869/segmentation_repaired.stl,ok,True,0
870,outputs/phase_b_mesh_qc/case_outputs/870/segmentation_repaired.stl,ok,False,10
871,outputs/phase_b_mesh_qc/case_outputs/871/segmentation_repaired.stl,ok,True,0
872,outputs/phase_b_mesh_qc/case_outputs/872/segmentation_repaired.stl,ok,True,0
873,outputs/phase_b_mesh_qc/case_outputs/873/segmentation_repaired.stl,ok,False,16
874,outputs/phase_b_mesh_qc/case_outputs/874/segmentation_repaired.stl,ok,True,0
875,outputs/phase_b_mesh_qc/case_outputs/875/segmentation_repaired.stl,ok,True,0
876,outputs/phase_b_mesh_qc/case_outputs/876/segmentation_repaired.stl,ok,True,0
877,outputs/phase_b_mesh_qc/case_outputs/877/segmentation_repaired.stl,ok,True,0
878,outputs/phase_b_mesh_qc/case_outputs/878/segmentation_repaired.stl,ok,True,0
879,outputs/phase_b_mesh_qc/case_outputs/879/segmentation_repaired.stl,ok,True,0
880,outputs/phase_b_mesh_qc/case_outputs/880/segmentation_repaired.stl,ok,True,0
881,outputs/phase_b_mesh_qc/case_outputs/881/segmentation_repaired.stl,ok,True,0
882,outputs/phase_b_mesh_qc/case_outputs/882/segmentation_repaired.stl,ok,True,0
883,outputs/phase_b_mesh_qc/case_outputs/883/segmentation_repaired.stl,ok,True,0
884,outputs/phase_b_mesh_qc/case_outputs/884/segmentation_repaired.stl,ok,True,0
885,outputs/phase_b_mesh_qc/case_outputs/885/segmentation_repaired.stl,ok,True,0
886,outputs/phase_b_mesh_qc/case_outputs/886/segmentation_repaired.stl,ok,True,0
887,outputs/phase_b_mesh_qc/case_outputs/887/segmentation_repaired.stl,ok,True,0
888,outputs/phase_b_mesh_qc/case_outputs/888/segmentation_repaired.stl,ok,True,0
889,outputs/phase_b_mesh_qc/case_outputs/889/segmentation_repaired.stl,ok,True,0
890,outputs/phase_b_mesh_qc/case_outputs/890/segmentation_repaired.stl,ok,True,0
891,outputs/phase_b_mesh_qc/case_outputs/891/segmentation_repaired.stl,ok,True,0
892,outputs/phase_b_mesh_qc/case_outputs/892/segmentation_repaired.stl,ok,True,0
893,outputs/phase_b_mesh_qc/case_outputs/893/segmentation_repaired.stl,ok,True,0
894,outputs/phase_b_mesh_qc/case_outputs/894/segmentation_repaired.stl,ok,True,0
895,outputs/phase_b_mesh_qc/case_outputs/895/segmentation_repaired.stl,ok,True,0
896,outputs/phase_b_mesh_qc/case_outputs/896/segmentation_repaired.stl,ok,True,0
897,outputs/phase_b_mesh_qc/case_outputs/897/segmentation_repaired.stl,ok,True,0
898,outputs/phase_b_mesh_qc/case_outputs/898/segmentation_repaired.stl,ok,True,0
899,outputs/phase_b_mesh_qc/case_outputs/899/segmentation_repaired.stl,ok,True,0
900,outputs/phase_b_mesh_qc/case_outputs/900/segmentation_repaired.stl,ok,True,0
901,outputs/phase_b_mesh_qc/case_outputs/901/segmentation_repaired.stl,ok,True,0
902,outputs/phase_b_mesh_qc/case_outputs/902/segmentation_repaired.stl,ok,True,0
903,outputs/phase_b_mesh_qc/case_outputs/903/segmentation_repaired.stl,ok,True,0
904,outputs/phase_b_mesh_qc/case_outputs/904/segmentation_repaired.stl,ok,False,68
905,outputs/phase_b_mesh_qc/case_outputs/905/segmentation_repaired.stl,ok,True,0
906,outputs/phase_b_mesh_qc/case_outputs/906/segmentation_repaired.stl,ok,True,0
907,outputs/phase_b_mesh_qc/case_outputs/907/segmentation_repaired.stl,ok,True,0
908,outputs/phase_b_mesh_qc/case_outputs/908/segmentation_repaired.stl,ok,True,0
909,outputs/phase_b_mesh_qc/case_outputs/909/segmentation_repaired.stl,ok,True,0
910,outputs/phase_b_mesh_qc/case_outputs/910/segmentation_repaired.stl,ok,True,0
911,outputs/phase_b_mesh_qc/case_outputs/911/segmentation_repaired.stl,ok,True,0
912,outputs/phase_b_mesh_qc/case_outputs/912/segmentation_repaired.stl,ok,True,0
913,outputs/phase_b_mesh_qc/case_outputs/913/segmentation_repaired.stl,ok,True,0
914,outputs/phase_b_mesh_qc/case_outputs/914/segmentation_repaired.stl,ok,True,0
915,outputs/phase_b_mesh_qc/case_outputs/915/segmentation_repaired.stl,ok,True,0
916,outputs/phase_b_mesh_qc/case_outputs/916/segmentation_repaired.stl,ok,True,0
917,outputs/phase_b_mesh_qc/case_outputs/917/segmentation_repaired.stl,ok,True,0
918,outputs/phase_b_mesh_qc/case_outputs/918/segmentation_repaired.stl,ok,True,0
919,outputs/phase_b_mesh_qc/case_outputs/919/segmentation_repaired.stl,ok,True,0
920,outputs/phase_b_mesh_qc/case_outputs/920/segmentation_repaired.stl,ok,True,0
921,outputs/phase_b_mesh_qc/case_outputs/921/segmentation_repaired.stl,ok,True,0
922,outputs/phase_b_mesh_qc/case_outputs/922/segmentation_repaired.stl,ok,True,0
923,outputs/phase_b_mesh_qc/case_outputs/923/segmentation_repaired.stl,ok,True,0
924,outputs/phase_b_mesh_qc/case_outputs/924/segmentation_repaired.stl,ok,True,0
925,outputs/phase_b_mesh_qc/case_outputs/925/segmentation_repaired.stl,ok,False,82
926,outputs/phase_b_mesh_qc/case_outputs/926/segmentation_repaired.stl,ok,True,0
927,outputs/phase_b_mesh_qc/case_outputs/927/segmentation_repaired.stl,ok,True,0
928,outputs/phase_b_mesh_qc/case_outputs/928/segmentation_repaired.stl,ok,True,0
929,outputs/phase_b_mesh_qc/case_outputs/929/segmentation_repaired.stl,ok,True,0
930,outputs/phase_b_mesh_qc/case_outputs/930/segmentation_repaired.stl,ok,True,0
931,outputs/phase_b_mesh_qc/case_outputs/931/segmentation_repaired.stl,ok,True,0
932,outputs/phase_b_mesh_qc/case_outputs/932/segmentation_repaired.stl,ok,True,0
933,outputs/phase_b_mesh_qc/case_outputs/933/segmentation_repaired.stl,ok,True,0
934,outputs/phase_b_mesh_qc/case_outputs/934/segmentation_repaired.stl,ok,True,0
935,outputs/phase_b_mesh_qc/case_outputs/935/segmentation_repaired.stl,ok,True,0
936,outputs/phase_b_mesh_qc/case_outputs/936/segmentation_repaired.stl,ok,True,0
937,outputs/phase_b_mesh_qc/case_outputs/937/segmentation_repaired.stl,ok,True,0
938,outputs/phase_b_mesh_qc/case_outputs/938/segmentation_repaired.stl,ok,True,0
939,outputs/phase_b_mesh_qc/case_outputs/939/segmentation_repaired.stl,ok,True,0
940,outputs/phase_b_mesh_qc/case_outputs/940/segmentation_repaired.stl,ok,True,0
941,outputs/phase_b_mesh_qc/case_outputs/941/segmentation_repaired.stl,ok,True,0
942,outputs/phase_b_mesh_qc/case_outputs/942/segmentation_repaired.stl,ok,True,0
943,outputs/phase_b_mesh_qc/case_outputs/943/segmentation_repaired.stl,ok,True,0
944,outputs/phase_b_mesh_qc/case_outputs/944/segmentation_repaired.stl,ok,False,52
945,outputs/phase_b_mesh_qc/case_outputs/945/segmentation_repaired.stl,ok,True,0
946,outputs/phase_b_mesh_qc/case_outputs/946/segmentation_repaired.stl,ok,True,0
947,outputs/phase_b_mesh_qc/case_outputs/947/segmentation_repaired.stl,ok,True,0
948,outputs/phase_b_mesh_qc/case_outputs/948/segmentation_repaired.stl,ok,True,0
949,outputs/phase_b_mesh_qc/case_outputs/949/segmentation_repaired.stl,ok,True,0
950,outputs/phase_b_mesh_qc/case_outputs/950/segmentation_repaired.stl,ok,True,0
951,outputs/phase_b_mesh_qc/case_outputs/951/segmentation_repaired.stl,ok,True,0
952,outputs/phase_b_mesh_qc/case_outputs/952/segmentation_repaired.stl,ok,True,0
953,outputs/phase_b_mesh_qc/case_outputs/953/segmentation_repaired.stl,ok,True,0
954,outputs/phase_b_mesh_qc/case_outputs/954/segmentation_repaired.stl,ok,True,0
955,outputs/phase_b_mesh_qc/case_outputs/955/segmentation_repaired.stl,ok,True,0
956,outputs/phase_b_mesh_qc/case_outputs/956/segmentation_repaired.stl,ok,True,0
957,outputs/phase_b_mesh_qc/case_outputs/957/segmentation_repaired.stl,ok,True,0
958,outputs/phase_b_mesh_qc/case_outputs/958/segmentation_repaired.stl,ok,True,0
959,outputs/phase_b_mesh_qc/case_outputs/959/segmentation_repaired.stl,ok,False,10
960,outputs/phase_b_mesh_qc/case_outputs/960/segmentation_repaired.stl,ok,True,0
961,outputs/phase_b_mesh_qc/case_outputs/961/segmentation_repaired.stl,ok,True,0
962,outputs/phase_b_mesh_qc/case_outputs/962/segmentation_repaired.stl,ok,False,26
963,outputs/phase_b_mesh_qc/case_outputs/963/segmentation_repaired.stl,ok,True,0
964,outputs/phase_b_mesh_qc/case_outputs/964/segmentation_repaired.stl,ok,True,0
965,outputs/phase_b_mesh_qc/case_outputs/965/segmentation_repaired.stl,ok,True,0
966,outputs/phase_b_mesh_qc/case_outputs/966/segmentation_repaired.stl,ok,True,0
967,outputs/phase_b_mesh_qc/case_outputs/967/segmentation_repaired.stl,ok,True,0
968,outputs/phase_b_mesh_qc/case_outputs/968/segmentation_repaired.stl,ok,True,0
969,outputs/phase_b_mesh_qc/case_outputs/969/segmentation_repaired.stl,ok,True,0
970,outputs/phase_b_mesh_qc/case_outputs/970/segmentation_repaired.stl,ok,True,0
971,outputs/phase_b_mesh_qc/case_outputs/971/segmentation_repaired.stl,ok,True,0
972,outputs/phase_b_mesh_qc/case_outputs/972/segmentation_repaired.stl,ok,True,0
973,outputs/phase_b_mesh_qc/case_outputs/973/segmentation_repaired.stl,ok,True,0
974,outputs/phase_b_mesh_qc/case_outputs/974/segmentation_repaired.stl,ok,True,0
975,outputs/phase_b_mesh_qc/case_outputs/975/segmentation_repaired.stl,ok,True,0
976,outputs/phase_b_mesh_qc/case_outputs/976/segmentation_repaired.stl,ok,True,0
977,outputs/phase_b_mesh_qc/case_outputs/977/segmentation_repaired.stl,ok,True,0
978,outputs/phase_b_mesh_qc/case_outputs/978/segmentation_repaired.stl,ok,True,0
979,outputs/phase_b_mesh_qc/case_outputs/979/segmentation_repaired.stl,ok,True,0
980,outputs/phase_b_mesh_qc/case_outputs/980/segmentation_repaired.stl,ok,True,0
981,outputs/phase_b_mesh_qc/case_outputs/981/segmentation_repaired.stl,ok,True,0
982,outputs/phase_b_mesh_qc/case_outputs/982/segmentation_repaired.stl,ok,True,0
983,outputs/phase_b_mesh_qc/case_outputs/983/segmentation_repaired.stl,ok,True,0
984,outputs/phase_b_mesh_qc/case_outputs/984/segmentation_repaired.stl,ok,True,0
985,outputs/phase_b_mesh_qc/case_outputs/985/segmentation_repaired.stl,ok,True,0
986,outputs/phase_b_mesh_qc/case_outputs/986/segmentation_repaired.stl,ok,True,0
987,outputs/phase_b_mesh_qc/case_outputs/987/segmentation_repaired.stl,ok,True,0
988,outputs/phase_b_mesh_qc/case_outputs/988/segmentation_repaired.stl,ok,True,0
989,outputs/phase_b_mesh_qc/case_outputs/989/segmentation_repaired.stl,ok,True,0
990,outputs/phase_b_mesh_qc/case_outputs/990/segmentation_repaired.stl,ok,True,0
991,outputs/phase_b_mesh_qc/case_outputs/991/segmentation_repaired.stl,ok,True,0
992,outputs/phase_b_mesh_qc/case_outputs/992/segmentation_repaired.stl,ok,True,0
993,outputs/phase_b_mesh_qc/case_outputs/993/segmentation_repaired.stl,ok,True,0
994,outputs/phase_b_mesh_qc/case_outputs/994/segmentation_repaired.stl,ok,True,0
995,outputs/phase_b_mesh_qc/case_outputs/995/segmentation_repaired.stl,ok,False,28
996,outputs/phase_b_mesh_qc/case_outputs/996/segmentation_repaired.stl,ok,True,0
997,outputs/phase_b_mesh_qc/case_outputs/997/segmentation_repaired.stl,ok,True,0
998,outputs/phase_b_mesh_qc/case_outputs/998/segmentation_repaired.stl,ok,True,0
999,outputs/phase_b_mesh_qc/case_outputs/999/segmentation_repaired.stl,ok,True,0
